Date,Lot,Final_OOF_Raw_Probability,Final_OOF_Risk_Score,Final_OOF_Risk_Percentile,Final_OOF_Threshold,Final_OOF_Prediction,Final_OOF_Fold
2021-09-06,1,0.00083207386,0.0346135947924938,0.5318181818181819,0.04356123134493828,정상 위험,1
2021-09-06,2,0.00076573837,-0.0057082946312341926,0.4954545454545455,0.04356123134493828,정상 위험,1
2021-09-06,3,0.0009672453,0.11677728810893723,0.5590909090909091,0.04356123134493828,정상 위험,1
2021-09-06,4,0.0011317305,0.21675927012757562,0.5909090909090909,0.04356123134493828,정상 위험,1
2021-09-06,5,0.0004869305,-0.17518107540547312,0.2818181818181818,0.04356123134493828,정상 위험,1
2021-09-06,6,0.0008656473,0.05502113021834839,0.5363636363636364,0.04356123134493828,정상 위험,1
2021-09-06,7,0.0020780277,0.7919640687662406,0.7454545454545455,0.04356123134493828,정상 위험,1
2021-09-06,8,0.0008790411,0.06316253342547831,0.5454545454545454,0.04356123134493828,정상 위험,1
2021-09-06,9,0.0017972054,0.6212668259596565,0.7090909090909091,0.04356123134493828,정상 위험,1
2021-09-06,10,0.00044555636,-0.20033026774083437,0.25,0.04356123134493828,정상 위험,1
2021-09-06,11,0.0034880685,1.6490544451739895,0.7909090909090909,0.04356123134493828,정상 위험,1
2021-09-06,12,0.0005952794,-0.10932143503801246,0.39545454545454545,0.04356123134493828,정상 위험,1
2021-09-06,13,0.0011531892,0.22980290875851686,0.5954545454545455,0.04356123134493828,정상 위험,1
2021-09-06,14,0.00036925945,-0.24670718958144947,0.1409090909090909,0.04356123134493828,정상 위험,1
2021-09-06,15,0.00032541258,-0.2733594194548026,0.11818181818181818,0.04356123134493828,정상 위험,1
2021-09-06,16,0.026663382,15.736120763109717,0.9772727272727273,0.04356123134493828,정상 위험,1
2021-09-06,17,0.0011960161,0.25583513255157525,0.6,0.04356123134493828,정상 위험,1
2021-09-06,18,0.00041360597,-0.21975124571298973,0.19090909090909092,0.04356123134493828,정상 위험,1
2021-09-06,19,0.0010056319,0.14011047667334814,0.5681818181818182,0.04356123134493828,정상 위험,1
2021-09-06,20,0.0023764817,0.9733786934761021,0.759090909090909,0.04356123134493828,정상 위험,1
2021-09-06,21,0.00055455655,-0.13407472712311216,0.36818181818181817,0.04356123134493828,정상 위험,1
2021-09-06,22,0.00026767646,-0.3084542013784065,0.06363636363636363,0.04356123134493828,정상 위험,1
2021-09-07,1,0.0004087264,-0.2227172867272933,0.19090909090909092,0.04356123134493828,정상 위험,1
2021-09-07,2,0.005697746,2.9922022740868437,0.8590909090909091,0.04356123134493828,정상 위험,1
2021-09-07,3,0.03477079,20.664192539246603,0.9772727272727273,0.04356123134493828,정상 위험,1
2021-09-07,4,0.000749963,-0.01529732809346494,0.4863636363636364,0.04356123134493828,정상 위험,1
2021-09-07,5,0.00059839955,-0.10742485011330453,0.39545454545454545,0.04356123134493828,정상 위험,1
2021-09-07,6,0.00038550954,-0.23682960305688278,0.1590909090909091,0.04356123134493828,정상 위험,1
2021-09-07,7,0.0032199349,1.4860699952137801,0.7818181818181819,0.04356123134493828,정상 위험,1
2021-09-07,8,0.0009433823,0.10227222047428244,0.5545454545454546,0.04356123134493828,정상 위험,1
2021-09-07,9,0.0011321942,0.21704111841334203,0.5909090909090909,0.04356123134493828,정상 위험,1
2021-09-07,10,0.0069281217,3.7400836929484766,0.8727272727272727,0.04356123134493828,정상 위험,1
2021-09-07,11,0.0012220367,0.27165168278835206,0.6090909090909091,0.04356123134493828,정상 위험,1
2021-09-07,12,0.00047998625,-0.17940213029680666,0.2772727272727273,0.04356123134493828,정상 위험,1
2021-09-07,13,0.00089174043,0.07088180106927919,0.5454545454545454,0.04356123134493828,정상 위험,1
2021-09-07,14,0.005225658,2.705244630141792,0.8318181818181818,0.04356123134493828,정상 위험,1
2021-09-07,15,0.058338437,34.98973802987305,0.990909090909091,0.04356123134493828,불량 위험,1
2021-09-07,16,0.00048063614,-0.17900709689100927,0.2772727272727273,0.04356123134493828,정상 위험,1
2021-09-07,17,0.00075693836,-0.011057361840250648,0.4909090909090909,0.04356123134493828,정상 위험,1
2021-09-07,18,0.0013014382,0.31991574271808637,0.6318181818181818,0.04356123134493828,정상 위험,1
2021-09-07,19,0.00054698274,-0.1386784496186017,0.35454545454545455,0.04356123134493828,정상 위험,1
2021-09-07,20,0.15756463,95.30417181281857,1.0,0.04356123134493828,불량 위험,1
2021-09-07,21,0.0012507424,0.2891003773161664,0.6090909090909091,0.04356123134493828,정상 위험,1
2021-09-07,22,0.00026605494,-0.30943983891553156,0.05454545454545454,0.04356123134493828,정상 위험,1
2021-09-08,1,0.0004262607,-0.21205909791742386,0.22272727272727272,0.04356123134493828,정상 위험,1
2021-09-08,2,0.00035309995,-0.25652970494648875,0.13636363636363635,0.04356123134493828,정상 위험,1
2021-09-08,3,0.00056974986,-0.12483950772787417,0.38181818181818183,0.04356123134493828,정상 위험,1
2021-09-08,4,0.0009364332,0.09804821123548953,0.5545454545454546,0.04356123134493828,정상 위험,1
2021-09-08,5,0.0003536892,-0.25617153896647193,0.13636363636363635,0.04356123134493828,정상 위험,1
2021-09-08,6,0.0016569106,0.5359889319883563,0.7045454545454546,0.04356123134493828,정상 위험,1
2021-09-08,7,0.00024290006,-0.32351448289233803,0.0,0.04356123134493828,정상 위험,1
2021-09-08,8,0.00037522748,-0.2430795339525728,0.15,0.04356123134493828,정상 위험,1
2021-09-08,9,0.0003919721,-0.2329013469966891,0.16363636363636364,0.04356123134493828,정상 위험,1
2021-09-08,10,0.0017529215,0.5943489347941019,0.7045454545454546,0.04356123134493828,정상 위험,1
2021-09-08,11,0.0002650321,-0.31006156099405124,0.05454545454545454,0.04356123134493828,정상 위험,1
2021-09-08,12,0.0002650321,-0.31006156099405124,0.05454545454545454,0.04356123134493828,정상 위험,1
2021-09-08,13,0.0014798737,0.42837737419189975,0.6772727272727272,0.04356123134493828,정상 위험,1
2021-09-08,14,0.0002740567,-0.30457597462728564,0.07727272727272727,0.04356123134493828,정상 위험,1
2021-09-08,15,0.00092582055,0.09159733164045096,0.5545454545454546,0.04356123134493828,정상 위험,1
2021-09-08,16,0.00035979165,-0.25246216997882337,0.1409090909090909,0.04356123134493828,정상 위험,1
2021-09-08,17,0.0011289304,0.2150572121769003,0.5909090909090909,0.04356123134493828,정상 위험,1
2021-09-08,18,0.002032304,0.7641709831245728,0.7272727272727273,0.04356123134493828,정상 위험,1
2021-09-08,19,0.0002954181,-0.2915914937083456,0.10454545454545454,0.04356123134493828,정상 위험,1
2021-09-08,20,0.22790766,138.06203910299996,1.0,0.04356123134493828,불량 위험,1
2021-09-08,21,0.00056831475,-0.1257118363100448,0.38181818181818183,0.04356123134493828,정상 위험,1
2021-09-08,22,0.0057310835,3.0124664794341593,0.8590909090909091,0.04356123134493828,정상 위험,1
2021-09-10,1,0.0004096608,-0.22214930900554983,0.19090909090909092,0.04356123134493828,정상 위험,1
2021-09-10,2,0.0006524334,-0.07458050256280797,0.4409090909090909,0.04356123134493828,정상 위험,1
2021-09-10,3,0.00040271285,-0.22637261061620878,0.17727272727272728,0.04356123134493828,정상 위험,1
2021-09-10,4,0.0072893435,3.959651645284061,0.8727272727272727,0.04356123134493828,정상 위험,1
2021-09-10,5,0.0009581078,0.11122307950387837,0.5590909090909091,0.04356123134493828,정상 위험,1
2021-09-10,6,0.009136095,5.082195554273176,0.8863636363636364,0.04356123134493828,정상 위험,1
2021-09-10,7,0.0013536363,0.3516442314641012,0.6454545454545455,0.04356123134493828,정상 위험,1
2021-09-10,8,0.00039907196,-0.2285857176052484,0.17727272727272728,0.04356123134493828,정상 위험,1
2021-09-10,9,0.011930734,6.780911235746047,0.9136363636363637,0.04356123134493828,정상 위험,1
2021-09-10,10,0.001636233,0.523420041072506,0.7,0.04356123134493828,정상 위험,1
2021-09-10,11,0.00060735364,-0.1019821283207551,0.40454545454545454,0.04356123134493828,정상 위험,1
2021-09-10,12,0.00073755154,-0.0228415992997312,0.4863636363636364,0.04356123134493828,정상 위험,1
2021-09-10,13,0.004800556,2.446847423786902,0.8181818181818182,0.04356123134493828,정상 위험,1
2021-09-10,14,0.00042668672,-0.21180014140179187,0.22727272727272727,0.04356123134493828,정상 위험,1
2021-09-10,15,0.00050633156,-0.1633881871920546,0.29545454545454547,0.04356123134493828,정상 위험,1
2021-09-10,16,0.0024186047,0.9989830852993528,0.759090909090909,0.04356123134493828,정상 위험,1
2021-09-10,17,0.012576272,7.17330009368112,0.9272727272727272,0.04356123134493828,정상 위험,1
2021-09-10,18,0.40071982,243.10555665876748,1.0,0.04356123134493828,불량 위험,1
2021-09-10,19,0.0013014382,0.31991574271808637,0.6318181818181818,0.04356123134493828,정상 위험,1
2021-09-10,20,0.110521704,66.70922914263863,0.9954545454545455,0.04356123134493828,불량 위험,1
2021-09-10,21,0.0006748021,-0.06098371101953027,0.44545454545454544,0.04356123134493828,정상 위험,1
2021-09-10,22,0.0032250448,1.4891760581450961,0.7818181818181819,0.04356123134493828,정상 위험,1
2021-09-13,1,0.0030291409,1.3700962542323902,0.7772727272727272,0.04356123134493828,정상 위험,1
2021-09-13,2,0.00306585,1.392409750655728,0.7772727272727272,0.04356123134493828,정상 위험,1
2021-09-13,3,0.013576114,7.781051894528381,0.9363636363636364,0.04356123134493828,정상 위험,1
2021-09-13,4,0.00026053644,-0.31279424394046973,0.031818181818181815,0.04356123134493828,정상 위험,1
2021-09-13,5,0.008821047,4.890694398141486,0.8863636363636364,0.04356123134493828,정상 위험,1
2021-09-13,6,0.00064128375,-0.08135777563464734,0.43636363636363634,0.04356123134493828,정상 위험,1
2021-09-13,7,0.010065745,5.647281341358662,0.8909090909090909,0.04356123134493828,정상 위험,1
2021-09-13,8,0.00050862465,-0.16199433667513669,0.31363636363636366,0.04356123134493828,정상 위험,1
2021-09-13,9,0.002103231,0.8072837932901462,0.7545454545454545,0.04356123134493828,정상 위험,1
2021-09-13,10,0.0011188783,0.20894705552837575,0.5909090909090909,0.04356123134493828,정상 위험,1
2021-09-13,11,0.004362121,2.1803456108878496,0.8045454545454546,0.04356123134493828,정상 위험,1
2021-09-13,12,0.008908874,4.94408012897938,0.8863636363636364,0.04356123134493828,정상 위험,1
2021-09-13,13,0.13781631,83.30019911771156,1.0,0.04356123134493828,불량 위험,1
2021-09-13,14,0.000727687,-0.028837757055870692,0.4818181818181818,0.04356123134493828,정상 위험,1
2021-09-13,15,0.0003909509,-0.23352207839582118,0.16363636363636364,0.04356123134493828,정상 위험,1
2021-09-13,16,0.026794443,15.815786104536311,0.9772727272727273,0.04356123134493828,정상 위험,1
2021-09-13,17,0.0019299191,0.7019365747596298,0.7181818181818181,0.04356123134493828,정상 위험,1
2021-09-13,18,0.00085729925,0.0499467996323518,0.5363636363636364,0.04356123134493828,정상 위험,1
2021-09-13,19,0.0069022137,3.7243355703522565,0.8681818181818182,0.04356123134493828,정상 위험,1
2021-09-13,20,0.010250126,5.759357183526806,0.8909090909090909,0.04356123134493828,정상 위험,1
2021-09-13,21,0.01954547,11.409512521170244,0.95,0.04356123134493828,정상 위험,1
2021-09-13,22,0.0062480085,3.3266782794340353,0.8636363636363636,0.04356123134493828,정상 위험,1
2021-09-09,1,0.0005051818,0.1416726922461419,0.5909090909090909,0.021240249276161194,정상 위험,2
2021-09-09,2,0.011355791,16.47551099610159,0.9772727272727273,0.021240249276161194,정상 위험,2
2021-09-09,3,0.00015870701,-0.3798890612843957,0.12272727272727273,0.021240249276161194,정상 위험,2
2021-09-09,4,0.14103334,211.68409029824952,1.0,0.021240249276161194,불량 위험,2
2021-09-09,5,0.99589396,1498.5385454813936,1.0,0.021240249276161194,불량 위험,2
2021-09-09,6,0.001982165,2.3650321876402742,0.8636363636363636,0.021240249276161194,정상 위험,2
2021-09-09,7,0.0003106816,-0.1511159144640183,0.39545454545454545,0.021240249276161194,정상 위험,2
2021-09-09,8,0.00057832565,0.25177895292078767,0.6318181818181818,0.021240249276161194,정상 위험,2
2021-09-09,9,0.00018035994,-0.3472940762481356,0.19545454545454546,0.021240249276161194,정상 위험,2
2021-09-09,10,0.0009946958,0.8785569241988582,0.7727272727272727,0.021240249276161194,정상 위험,2
2021-09-09,11,0.00061971165,0.31407887921187844,0.65,0.021240249276161194,정상 위험,2
2021-09-09,12,0.00018979721,-0.3330877976098388,0.24545454545454545,0.021240249276161194,정상 위험,2
2021-09-09,13,0.014238727,20.815305113888133,0.9772727272727273,0.021240249276161194,정상 위험,2
2021-09-09,14,0.00015225355,-0.38960371524359105,0.06818181818181818,0.021240249276161194,정상 위험,2
2021-09-09,15,0.0004065289,-0.0068332628722877955,0.5,0.021240249276161194,정상 위험,2
2021-09-09,16,0.9944811,1496.4117003750637,1.0,0.021240249276161194,불량 위험,2
2021-09-09,17,0.0008898731,0.7207632324972775,0.7545454545454545,0.021240249276161194,정상 위험,2
2021-09-09,18,0.0006029555,0.28885524511939015,0.6454545454545455,0.021240249276161194,정상 위험,2
2021-09-09,19,0.00042445588,0.020152892235979922,0.5136363636363637,0.021240249276161194,정상 위험,2
2021-09-09,20,0.00013632435,-0.41358254422493484,0.02727272727272727,0.021240249276161194,정상 위험,2
2021-09-09,21,0.0017549008,2.0229226087996657,0.8545454545454545,0.021240249276161194,정상 위험,2
2021-09-09,22,0.0039833444,5.377484214610088,0.9090909090909091,0.021240249276161194,정상 위험,2
2021-09-14,1,0.00043395715,0.034455511508472536,0.5136363636363637,0.021240249276161194,정상 위험,2
2021-09-14,2,0.0001978055,-0.3210326226408004,0.2681818181818182,0.021240249276161194,정상 위험,2
2021-09-14,3,0.0005787414,0.25240483845972445,0.6318181818181818,0.021240249276161194,정상 위험,2
2021-09-14,4,0.00013272124,-0.41900644745127164,0.013636363636363636,0.021240249276161194,정상 위험,2
2021-09-14,5,0.0007059618,0.4439145101076013,0.7136363636363636,0.021240249276161194,정상 위험,2
2021-09-14,6,0.0056855455,7.939872754350583,0.9454545454545454,0.021240249276161194,정상 위험,2
2021-09-14,7,0.00050695305,0.1443390364922353,0.5909090909090909,0.021240249276161194,정상 위험,2
2021-09-14,8,0.0010586593,0.9748435831053357,0.7909090909090909,0.021240249276161194,정상 위험,2
2021-09-14,9,0.0016109187,1.8061808037036686,0.8545454545454545,0.021240249276161194,정상 위험,2
2021-09-14,10,0.0002668997,-0.21702245907628717,0.36363636363636365,0.021240249276161194,정상 위험,2
2021-09-14,11,0.00054639153,0.2037072984459684,0.6227272727272727,0.021240249276161194,정상 위험,2
2021-09-14,12,0.00015870701,-0.3798890612843957,0.12272727272727273,0.021240249276161194,정상 위험,2
2021-09-14,13,0.00018754619,-0.3364763461235091,0.2409090909090909,0.021240249276161194,정상 위험,2
2021-09-14,14,0.00077547826,0.5485603290889165,0.7363636363636363,0.021240249276161194,정상 위험,2
2021-09-14,15,0.00018822873,-0.33544888793653266,0.24545454545454545,0.021240249276161194,정상 위험,2
2021-09-14,16,0.00015508926,-0.38533500149981864,0.09090909090909091,0.021240249276161194,정상 위험,2
2021-09-14,17,0.0001773336,-0.3518497527722549,0.18181818181818182,0.021240249276161194,정상 위험,2
2021-09-14,18,0.015972689,23.425503843389997,0.9818181818181818,0.021240249276161194,정상 위험,2
2021-09-14,19,0.0016461146,1.8591626323113366,0.8545454545454545,0.021240249276161194,정상 위험,2
2021-09-14,20,0.00037755046,-0.05045563610727365,0.4727272727272727,0.021240249276161194,정상 위험,2
2021-09-14,21,0.00030698764,-0.15667655216935703,0.39090909090909093,0.021240249276161194,정상 위험,2
2021-09-14,22,0.00048858405,0.11668747822245484,0.5772727272727273,0.021240249276161194,정상 위험,2
2021-09-15,1,0.00018710876,-0.3371348271294043,0.22727272727272727,0.021240249276161194,정상 위험,2
2021-09-15,2,0.0005403885,0.194670730965066,0.6181818181818182,0.021240249276161194,정상 위험,2
2021-09-15,3,0.0021248155,2.5797693715183243,0.8681818181818182,0.021240249276161194,정상 위험,2
2021-09-15,4,0.00013577494,-0.41440958848233916,0.02727272727272727,0.021240249276161194,정상 위험,2
2021-09-15,5,0.0020984565,2.540090173563085,0.8681818181818182,0.021240249276161194,정상 위험,2
2021-09-15,6,0.00028491995,-0.18989588935565124,0.37272727272727274,0.021240249276161194,정상 위험,2
2021-09-15,7,0.00032462642,-0.1301242146871954,0.4090909090909091,0.021240249276161194,정상 위험,2
2021-09-15,8,0.0004958303,0.127595568764557,0.5863636363636363,0.021240249276161194,정상 위험,2
2021-09-15,9,0.00015492401,-0.3855837609909346,0.09090909090909091,0.021240249276161194,정상 위험,2
2021-09-15,10,0.00070597214,0.4439301068632965,0.7136363636363636,0.021240249276161194,정상 위험,2
2021-09-15,11,0.0057572024,8.0477406177163,0.9454545454545454,0.021240249276161194,정상 위험,2
2021-09-15,12,0.0004958303,0.127595568764557,0.5863636363636363,0.021240249276161194,정상 위험,2
2021-09-15,13,0.00017300453,-0.3583664584583753,0.17272727272727273,0.021240249276161194,정상 위험,2
2021-09-15,14,0.00016636461,-0.3683617883034168,0.15,0.021240249276161194,정상 위험,2
2021-09-15,15,0.00014920923,-0.39418644512906365,0.05454545454545454,0.021240249276161194,정상 위험,2
2021-09-15,16,0.00018176284,-0.34518224924033997,0.19545454545454546,0.021240249276161194,정상 위험,2
2021-09-15,17,0.00013599198,-0.414082867118303,0.02727272727272727,0.021240249276161194,정상 위험,2
2021-09-15,18,0.00021238132,-0.29909107606102925,0.30454545454545456,0.021240249276161194,정상 위험,2
2021-09-15,19,0.0001385118,-0.41028970108434365,0.031818181818181815,0.021240249276161194,정상 위험,2
2021-09-15,20,0.0013906916,1.474664576380122,0.8318181818181818,0.021240249276161194,정상 위험,2
2021-09-15,21,0.0006348938,0.3369331207720429,0.6545454545454545,0.021240249276161194,정상 위험,2
2021-09-15,22,0.00073425093,0.486499260977742,0.7181818181818181,0.021240249276161194,정상 위험,2
2021-09-17,1,0.00015512608,-0.3852795804437669,0.09090909090909091,0.021240249276161194,정상 위험,2
2021-09-17,2,0.0004393327,0.04254755523647436,0.5181818181818182,0.021240249276161194,정상 위험,2
2021-09-17,3,0.0001691562,-0.36415949220468347,0.15454545454545454,0.021240249276161194,정상 위험,2
2021-09-17,4,0.0015919078,1.7775630351807936,0.85,0.021240249276161194,정상 위험,2
2021-09-17,5,0.00021696131,-0.29219663097152704,0.31363636363636366,0.021240249276161194,정상 위험,2
2021-09-17,6,0.00068570534,0.41342171363460606,0.6909090909090909,0.021240249276161194,정상 위험,2
2021-09-17,7,0.00016125354,-0.3760556766500762,0.1409090909090909,0.021240249276161194,정상 위험,2
2021-09-17,8,0.0004880283,0.11585090504829852,0.5727272727272728,0.021240249276161194,정상 위험,2
2021-09-17,9,0.00025089813,-0.24111024629193978,0.35,0.021240249276161194,정상 위험,2
2021-09-17,10,0.0007963394,0.5799634328367281,0.7363636363636363,0.021240249276161194,정상 위험,2
2021-09-17,11,0.0003590683,-0.07827753197857913,0.45454545454545453,0.021240249276161194,정상 위험,2
2021-09-17,12,0.0012187603,1.2158497341963437,0.8090909090909091,0.021240249276161194,정상 위험,2
2021-09-17,13,0.00043501204,0.036043489056022684,0.5136363636363637,0.021240249276161194,정상 위험,2
2021-09-17,14,0.045246992,67.49323490174082,0.9954545454545455,0.021240249276161194,불량 위험,2
2021-09-17,15,0.0030525678,3.9763505429549384,0.9,0.021240249276161194,정상 위험,2
2021-09-17,16,0.00018558178,-0.3394334428110944,0.22272727272727272,0.021240249276161194,정상 위험,2
2021-09-17,17,0.0004090074,-0.0031023086166631687,0.5,0.021240249276161194,정상 위험,2
2021-09-17,18,0.0029880123,3.879172590796037,0.9,0.021240249276161194,정상 위험,2
2021-09-17,19,0.0005195908,0.16336313544033162,0.6,0.021240249276161194,정상 위험,2
2021-09-17,20,0.0024101313,3.0092661705635133,0.8727272727272727,0.021240249276161194,정상 위험,2
2021-09-17,21,0.0009288184,0.7793891589776979,0.7636363636363637,0.021240249276161194,정상 위험,2
2021-09-17,22,0.00017836363,-0.3502992118194843,0.18636363636363637,0.021240249276161194,정상 위험,2
2021-09-16,1,0.0002618618,-0.25563963339098933,0.31363636363636366,0.04622083529829979,정상 위험,3
2021-09-16,2,0.0009349845,0.3990478049589094,0.6909090909090909,0.04622083529829979,정상 위험,3
2021-09-16,3,0.0005085539,-0.015703874700559305,0.4863636363636364,0.04622083529829979,정상 위험,3
2021-09-16,4,0.82607025,802.9358108633003,1.0,0.04622083529829979,불량 위험,3
2021-09-16,5,0.0006328036,0.10514294324388912,0.5772727272727273,0.04622083529829979,정상 위험,3
2021-09-16,6,0.0002741547,-0.24368340194599464,0.32272727272727275,0.04622083529829979,정상 위험,3
2021-09-16,7,0.046891168,45.09660002054574,0.9863636363636363,0.04622083529829979,불량 위험,3
2021-09-16,8,0.0012734946,0.7282869013482924,0.7545454545454545,0.04622083529829979,정상 위험,3
2021-09-16,9,0.00024334653,-0.2736478187039573,0.2818181818181818,0.04622083529829979,정상 위험,3
2021-09-16,10,0.00021115871,-0.30495408842267946,0.2,0.04622083529829979,정상 위험,3
2021-09-16,11,0.0002417753,-0.27517601496993743,0.2818181818181818,0.04622083529829979,정상 위험,3
2021-09-16,12,0.0017223359,1.164835567584161,0.7954545454545454,0.04622083529829979,정상 위험,3
2021-09-16,13,0.0002437164,-0.2732880824295541,0.2818181818181818,0.04622083529829979,정상 위험,3
2021-09-16,14,0.00055365183,0.028158955920414015,0.5227272727272727,0.04622083529829979,정상 위험,3
2021-09-16,15,0.00019483134,-0.3208342858405742,0.14545454545454545,0.04622083529829979,정상 위험,3
2021-09-16,16,0.00037210502,-0.14841571975620008,0.4,0.04622083529829979,정상 위험,3
2021-09-16,17,0.00022604049,-0.29047988705070743,0.24545454545454545,0.04622083529829979,정상 위험,3
2021-09-16,18,0.00042571896,-0.09627013727274819,0.45454545454545453,0.04622083529829979,정상 위험,3
2021-09-16,19,0.0007334477,0.20303066948471168,0.6272727272727273,0.04622083529829979,정상 위험,3
2021-09-16,20,0.0007538577,0.22288168053920698,0.6409090909090909,0.04622083529829979,정상 위험,3
2021-09-16,21,0.00020103752,-0.3147980846764374,0.17727272727272728,0.04622083529829979,정상 위험,3
2021-09-16,22,0.0009845739,0.4472790457629103,0.7,0.04622083529829979,정상 위험,3
2021-09-23,1,0.00416568,3.541262369530274,0.8727272727272727,0.04622083529829979,정상 위험,3
2021-09-23,2,0.00019957875,-0.31621690367804367,0.16363636363636364,0.04622083529829979,정상 위험,3
2021-09-23,3,0.00015524417,-0.35933726251954184,0.02727272727272727,0.04622083529829979,정상 위험,3
2021-09-23,4,0.062161986,59.94918649049676,0.990909090909091,0.04622083529829979,불량 위험,3
2021-09-23,5,0.00020370958,-0.3121991999176245,0.18181818181818182,0.04622083529829979,정상 위험,3
2021-09-23,6,0.0005573813,0.03178629550786563,0.5272727272727272,0.04622083529829979,정상 위험,3
2021-09-23,7,0.0013443686,0.7972198275207018,0.7636363636363637,0.04622083529829979,정상 위험,3
2021-09-23,8,0.003982141,3.3627500688216596,0.8727272727272727,0.04622083529829979,정상 위험,3
2021-09-23,9,0.00021444929,-0.3017536287098109,0.2,0.04622083529829979,정상 위험,3
2021-09-23,10,0.0002851121,-0.2330261104356748,0.34545454545454546,0.04622083529829979,정상 위험,3
2021-09-23,11,0.0014367178,0.887039848244141,0.7818181818181819,0.04622083529829979,정상 위험,3
2021-09-23,12,0.0011057298,0.5651168566672624,0.7363636363636363,0.04622083529829979,정상 위험,3
2021-09-23,13,0.018732809,17.70943159067962,0.9454545454545454,0.04622083529829979,정상 위험,3
2021-09-23,14,0.0006950771,0.16571094307181242,0.6,0.04622083529829979,정상 위험,3
2021-09-23,15,0.0011287659,0.5875219853626598,0.7363636363636363,0.04622083529829979,정상 위험,3
2021-09-23,16,0.00019957875,-0.31621690367804367,0.16363636363636364,0.04622083529829979,정상 위험,3
2021-09-23,17,0.00082111824,0.288300097811482,0.6590909090909091,0.04622083529829979,정상 위험,3
2021-09-23,18,0.00021643011,-0.2998270574619042,0.21363636363636362,0.04622083529829979,정상 위험,3
2021-09-23,19,0.00014822268,-0.36616644885038857,0.022727272727272728,0.04622083529829979,정상 위험,3
2021-09-23,20,0.00018401498,-0.33135441701587254,0.13636363636363635,0.04622083529829979,정상 위험,3
2021-09-23,21,0.00025101058,-0.26619366189395005,0.3,0.04622083529829979,정상 위험,3
2021-09-23,22,0.0002483712,-0.26876077233100837,0.3,0.04622083529829979,정상 위험,3
2021-09-24,1,0.00029646064,-0.22198837626666362,0.34545454545454546,0.04622083529829979,정상 위험,3
2021-09-24,2,0.00026762925,-0.2500301422609629,0.3181818181818182,0.04622083529829979,정상 위험,3
2021-09-24,3,0.0007246051,0.19443023101817852,0.6181818181818182,0.04622083529829979,정상 위험,3
2021-09-24,4,0.009800873,9.022120401758063,0.9318181818181818,0.04622083529829979,정상 위험,3
2021-09-24,5,0.00023559204,-0.28118992457204156,0.2636363636363636,0.04622083529829979,정상 위험,3
2021-09-24,6,0.00031070647,-0.2081327055892649,0.35909090909090907,0.04622083529829979,정상 위험,3
2021-09-24,7,0.00048544817,-0.03817676974453612,0.4772727272727273,0.04622083529829979,정상 위험,3
2021-09-24,8,0.0007943844,0.26229842726766994,0.6409090909090909,0.04622083529829979,정상 위험,3
2021-09-24,9,0.0007464443,0.21567127311416934,0.6363636363636364,0.04622083529829979,정상 위험,3
2021-09-24,10,0.008386098,7.646092820457897,0.9272727272727272,0.04622083529829979,정상 위험,3
2021-09-24,11,0.0010441198,0.5051941940218425,0.7136363636363636,0.04622083529829979,정상 위험,3
2021-09-24,12,0.0049466128,4.300807079449098,0.8772727272727273,0.04622083529829979,정상 위험,3
2021-09-24,13,0.0047734072,4.132345258548842,0.8772727272727273,0.04622083529829979,정상 위험,3
2021-09-24,14,0.00024629317,-0.2707818739553064,0.2909090909090909,0.04622083529829979,정상 위험,3
2021-09-24,15,0.00016626899,-0.34861438428004143,0.05909090909090909,0.04622083529829979,정상 위험,3
2021-09-24,16,0.0001634075,-0.35139750349153975,0.03636363636363636,0.04622083529829979,정상 위험,3
2021-09-24,17,0.0020484584,1.4820263506856384,0.8136363636363636,0.04622083529829979,정상 위험,3
2021-09-24,18,0.00028789192,-0.23032241995187647,0.34545454545454546,0.04622083529829979,정상 위험,3
2021-09-24,19,0.0037601285,3.146817835821294,0.8727272727272727,0.04622083529829979,정상 위험,3
2021-09-24,20,0.0023669899,1.7918339419879223,0.8363636363636363,0.04622083529829979,정상 위험,3
2021-09-24,21,0.026839113,25.593723437768322,0.9681818181818181,0.04622083529829979,정상 위험,3
2021-09-24,22,0.0002106905,-0.3054094731899189,0.19545454545454546,0.04622083529829979,정상 위험,3
2021-09-27,1,0.004355876,3.7262489890555472,0.8772727272727273,0.04622083529829979,정상 위험,3
2021-09-27,2,0.00033601755,-0.18351483860295187,0.38181818181818183,0.04622083529829979,정상 위험,3
2021-09-27,3,0.0005273457,0.0025732813075638678,0.5,0.04622083529829979,정상 위험,3
2021-09-27,4,0.0012822127,0.7367662435578403,0.759090909090909,0.04622083529829979,정상 위험,3
2021-09-27,5,0.0002381329,-0.2787186607750375,0.2681818181818182,0.04622083529829979,정상 위험,3
2021-09-27,6,0.00018584404,-0.3295754512920541,0.13636363636363635,0.04622083529829979,정상 위험,3
2021-09-27,7,0.009101158,8.341569175021382,0.9318181818181818,0.04622083529829979,정상 위험,3
2021-09-27,8,0.00092063553,0.38509184348242265,0.6909090909090909,0.04622083529829979,정상 위험,3
2021-09-27,9,0.00031229592,-0.20658678930064042,0.36818181818181817,0.04622083529829979,정상 위험,3
2021-09-27,10,0.0012987469,0.7528476453223109,0.759090909090909,0.04622083529829979,정상 위험,3
2021-09-27,11,0.00015129072,-0.3631824366665143,0.022727272727272728,0.04622083529829979,정상 위험,3
2021-09-27,12,0.00018526372,-0.33013987364272207,0.13636363636363635,0.04622083529829979,정상 위험,3
2021-09-27,13,0.0001623138,-0.3524612568317401,0.031818181818181815,0.04622083529829979,정상 위험,3
2021-09-27,14,0.0002513188,-0.26589389345975795,0.3,0.04622083529829979,정상 위험,3
2021-09-27,15,0.00030553355,-0.2131639465234768,0.35909090909090907,0.04622083529829979,정상 위험,3
2021-09-27,16,0.0005690709,0.043155756426668836,0.5272727272727272,0.04622083529829979,정상 위험,3
2021-09-27,17,0.008181709,7.44730156731725,0.9272727272727272,0.04622083529829979,정상 위험,3
2021-09-27,18,0.0019490321,1.3853230352874473,0.8045454545454546,0.04622083529829979,정상 위험,3
2021-09-27,19,0.0002483319,-0.2687989864373501,0.3,0.04622083529829979,정상 위험,3
2021-09-27,20,0.0005462593,0.020968872738601086,0.5181818181818182,0.04622083529829979,정상 위험,3
2021-09-27,21,0.004379321,3.749051997364826,0.8772727272727273,0.04622083529829979,정상 위험,3
2021-09-27,22,0.00095322926,0.4167929073797734,0.6954545454545454,0.04622083529829979,정상 위험,3
2021-09-28,1,0.0013372487,0.6058118039395041,0.7045454545454546,0.16456955671310425,정상 위험,4
2021-09-28,2,0.00035960582,-0.17567534965977336,0.2727272727272727,0.16456955671310425,정상 위험,4
2021-09-28,3,0.00028641874,-0.23417806581269124,0.13636363636363635,0.16456955671310425,정상 위험,4
2021-09-28,4,0.00078398286,0.16355404194305057,0.5727272727272728,0.16456955671310425,정상 위험,4
2021-09-28,5,0.0017056243,0.9002759413058877,0.7545454545454545,0.16456955671310425,정상 위험,4
2021-09-28,6,0.0012423422,0.5299474520149187,0.6863636363636364,0.16456955671310425,정상 위험,4
2021-09-28,7,0.0028481595,1.813571195944104,0.8136363636363636,0.16456955671310425,정상 위험,4
2021-09-28,8,0.0015516839,0.777222371385763,0.7363636363636363,0.16456955671310425,정상 위험,4
2021-09-28,9,0.00027720543,-0.2415428052871872,0.11363636363636363,0.16456955671310425,정상 위험,4
2021-09-28,10,0.00097313256,0.3147524571911301,0.6227272727272727,0.16456955671310425,정상 위험,4
2021-09-28,11,0.0012358446,0.5247535364263765,0.6863636363636364,0.16456955671310425,정상 위험,4
2021-09-28,12,0.0004048109,-0.13954027835521943,0.34545454545454546,0.16456955671310425,정상 위험,4
2021-09-28,13,0.00046600887,-0.09062116653674666,0.4409090909090909,0.16456955671310425,정상 위험,4
2021-09-28,14,0.00047558112,-0.08296950728874633,0.45454545454545453,0.16456955671310425,정상 위험,4
2021-09-28,15,0.000292162,-0.22958714005707362,0.16818181818181818,0.16456955671310425,정상 위험,4
2021-09-28,16,0.70693177,564.6287880918686,1.0,0.16456955671310425,불량 위험,4
2021-09-28,17,0.00058413163,0.003801262423739025,0.5,0.16456955671310425,정상 위험,4
2021-09-28,18,0.005023225,3.552228436994937,0.8454545454545455,0.16456955671310425,정상 위험,4
2021-09-28,19,0.0012074255,0.5020365069061168,0.6818181818181818,0.16456955671310425,정상 위험,4
2021-09-28,20,0.00039419366,-0.14802726894088683,0.32727272727272727,0.16456955671310425,정상 위험,4
2021-09-28,21,0.014376254,11.028651334453793,0.9136363636363637,0.16456955671310425,정상 위험,4
2021-09-28,22,0.003227983,2.117186243177455,0.8272727272727273,0.16456955671310425,정상 위험,4
2021-09-29,1,0.003852667,2.6165328277701305,0.8318181818181818,0.16456955671310425,정상 위험,4
2021-09-29,2,0.0010534228,0.3789331511824326,0.6272727272727273,0.16456955671310425,정상 위험,4
2021-09-29,3,0.0003899762,-0.15139853556687338,0.31363636363636366,0.16456955671310425,정상 위험,4
2021-09-29,4,0.00041910398,-0.12811499478377386,0.38181818181818183,0.16456955671310425,정상 위험,4
2021-09-29,5,0.0018634372,1.0264250715164926,0.7818181818181819,0.16456955671310425,정상 위험,4
2021-09-29,6,0.001957778,1.101837070560512,0.7818181818181819,0.16456955671310425,정상 위험,4
2021-09-29,7,0.009385144,7.038965557087671,0.8863636363636364,0.16456955671310425,정상 위험,4
2021-09-29,8,0.00024624623,-0.2662903046032722,0.05454545454545454,0.16456955671310425,정상 위험,4
2021-09-29,9,0.009928307,7.473146898527064,0.8863636363636364,0.16456955671310425,정상 위험,4
2021-09-29,10,0.0003922201,-0.14960485077508004,0.31363636363636366,0.16456955671310425,정상 위험,4
2021-09-29,11,0.005596147,4.010198272893252,0.8545454545454545,0.16456955671310425,정상 위험,4
2021-09-29,12,0.00103804,0.3666368021638492,0.6272727272727273,0.16456955671310425,정상 위험,4
2021-09-29,13,0.00039887743,-0.14428326019124124,0.33181818181818185,0.16456955671310425,정상 위험,4
2021-09-29,14,0.0004971694,-0.0657127474060724,0.4727272727272727,0.16456955671310425,정상 위험,4
2021-09-29,15,0.0009572219,0.30203413859078865,0.6227272727272727,0.16456955671310425,정상 위험,4
2021-09-29,16,0.00038599444,-0.15458138386434198,0.31363636363636366,0.16456955671310425,정상 위험,4
2021-09-29,17,0.0029423803,1.8888873456840745,0.8181818181818182,0.16456955671310425,정상 위험,4
2021-09-29,18,0.00028048575,-0.23892065215401187,0.12272727272727273,0.16456955671310425,정상 위험,4
2021-09-29,19,0.00027853294,-0.24048164647515,0.12272727272727273,0.16456955671310425,정상 위험,4
2021-09-29,20,0.21617195,172.33575592449318,0.9954545454545455,0.16456955671310425,불량 위험,4
2021-09-29,21,0.20917924,166.7460716732713,0.9954545454545455,0.16456955671310425,불량 위험,4
2021-09-29,22,0.0002353792,-0.2749769618520468,0.02727272727272727,0.16456955671310425,정상 위험,4
2021-09-30,1,0.00028070138,-0.23874828625748273,0.12272727272727273,0.16456955671310425,정상 위험,4
2021-09-30,2,0.0003154706,-0.2109552218340248,0.21818181818181817,0.16456955671310425,정상 위험,4
2021-09-30,3,0.0055536027,3.9761901953560037,0.8545454545454545,0.16456955671310425,정상 위험,4
2021-09-30,4,0.0004311214,-0.11850875419378509,0.39090909090909093,0.16456955671310425,정상 위험,4
2021-09-30,5,0.004401408,3.05517367440238,0.8363636363636363,0.16456955671310425,정상 위험,4
2021-09-30,6,0.0027108507,1.703812203668325,0.8136363636363636,0.16456955671310425,정상 위험,4
2021-09-30,7,0.00025754608,-0.25725767091635027,0.07272727272727272,0.16456955671310425,정상 위험,4
2021-09-30,8,0.0017941669,0.971053207740036,0.7681818181818182,0.16456955671310425,정상 위험,4
2021-09-30,9,0.00023898607,-0.2720937705838998,0.031818181818181815,0.16456955671310425,정상 위험,4
2021-09-30,10,0.00026149256,-0.25410301906463595,0.07727272727272727,0.16456955671310425,정상 위험,4
2021-09-30,11,0.00030971068,-0.2155594548231172,0.21363636363636362,0.16456955671310425,정상 위험,4
2021-09-30,12,0.0073697283,5.427925615635776,0.8590909090909091,0.16456955671310425,정상 위험,4
2021-09-30,13,0.0009545116,0.2998676186177595,0.6227272727272727,0.16456955671310425,정상 위험,4
2021-09-30,14,0.0032985932,2.1736291996622663,0.8272727272727273,0.16456955671310425,정상 위험,4
2021-09-30,15,0.006591963,4.80621241215452,0.8545454545454545,0.16456955671310425,정상 위험,4
2021-09-30,16,0.011977045,9.110823268516638,0.8909090909090909,0.16456955671310425,정상 위험,4
2021-09-30,17,0.00029802322,-0.22490192371181733,0.19090909090909092,0.16456955671310425,정상 위험,4
2021-09-30,18,0.00041910398,-0.12811499478377386,0.38181818181818183,0.16456955671310425,정상 위험,4
2021-09-30,19,0.006494851,4.728584898323314,0.8545454545454545,0.16456955671310425,정상 위험,4
2021-09-30,20,0.0034280217,2.277088938452905,0.8272727272727273,0.16456955671310425,정상 위험,4
2021-09-30,21,0.00031019768,-0.21517017171519143,0.21363636363636362,0.16456955671310425,정상 위험,4
2021-09-30,22,0.0010938268,0.4112304582287686,0.6454545454545455,0.16456955671310425,정상 위험,4
2021-10-05,1,0.00064893736,0.0556042750743815,0.5272727272727272,0.16456955671310425,정상 위험,4
2021-10-05,2,0.0004484261,-0.10467611764068985,0.42272727272727273,0.16456955671310425,정상 위험,4
2021-10-05,3,0.0007972073,0.1741251034887495,0.5772727272727273,0.16456955671310425,정상 위험,4
2021-10-05,4,0.0019960543,1.1324336573342246,0.7818181818181819,0.16456955671310425,정상 위험,4
2021-10-05,5,0.0002353792,-0.2749769618520468,0.02727272727272727,0.16456955671310425,정상 위험,4
2021-10-05,6,0.00097140623,0.31337250638555275,0.6227272727272727,0.16456955671310425,정상 위험,4
2021-10-05,7,0.00027802723,-0.2408858885885378,0.11818181818181818,0.16456955671310425,정상 위험,4
2021-10-05,8,0.00041910398,-0.12811499478377386,0.38181818181818183,0.16456955671310425,정상 위험,4
2021-10-05,9,0.018984754,14.712494824544708,0.9227272727272727,0.16456955671310425,정상 위험,4
2021-10-05,10,0.0017795508,0.9593697359219067,0.7681818181818182,0.16456955671310425,정상 위험,4
2021-10-05,11,0.0060130646,4.343465000266028,0.8545454545454545,0.16456955671310425,정상 위험,4
2021-10-05,12,0.00046275553,-0.09322175357651093,0.4409090909090909,0.16456955671310425,정상 위험,4
2021-10-05,13,0.0003477091,-0.18518508954267576,0.23636363636363636,0.16456955671310425,정상 위험,4
2021-10-05,14,0.0004370493,-0.11377023912144714,0.4,0.16456955671310425,정상 위험,4
2021-10-05,15,0.00080883206,0.1834174608723715,0.5818181818181818,0.16456955671310425,정상 위험,4
2021-10-05,16,0.00023898607,-0.2720937705838998,0.031818181818181815,0.16456955671310425,정상 위험,4
2021-10-05,17,0.0014349082,0.6838767814389963,0.7090909090909091,0.16456955671310425,정상 위험,4
2021-10-05,18,0.0003477091,-0.18518508954267576,0.23636363636363636,0.16456955671310425,정상 위험,4
2021-10-05,19,0.00028048575,-0.23892065215401187,0.12272727272727273,0.16456955671310425,정상 위험,4
2021-10-05,20,0.0011438351,0.45120501535671026,0.6727272727272727,0.16456955671310425,정상 위험,4
2021-10-05,21,0.00041910398,-0.12811499478377386,0.38181818181818183,0.16456955671310425,정상 위험,4
2021-10-05,22,0.00049013033,-0.07133947378406376,0.4727272727272727,0.16456955671310425,정상 위험,4
2021-10-01,1,0.0023229271,1.4153639086727772,0.8136363636363636,0.037678174674510956,정상 위험,5
2021-10-01,2,0.00018361221,-0.25186104335849624,0.013636363636363636,0.037678174674510956,정상 위험,5
2021-10-01,3,0.00044944652,-0.04468929834881137,0.4409090909090909,0.037678174674510956,정상 위험,5
2021-10-01,4,0.00044869247,-0.045276950441058596,0.4318181818181818,0.037678174674510956,정상 위험,5
2021-10-01,5,0.00033817958,-0.13140258241329258,0.32727272727272727,0.037678174674510956,정상 위험,5
2021-10-01,6,0.00032520105,-0.14151709807829838,0.30454545454545456,0.037678174674510956,정상 위험,5
2021-10-01,7,0.0013415982,0.6505882273489607,0.7,0.037678174674510956,정상 위험,5
2021-10-01,8,0.00046821136,-0.030065359766200703,0.4636363636363636,0.037678174674510956,정상 위험,5
2021-10-01,9,0.0018762168,1.0672307255786926,0.7863636363636364,0.037678174674510956,정상 위험,5
2021-10-01,10,0.00038705012,-0.09331647130874962,0.36363636363636365,0.037678174674510956,정상 위험,5
2021-10-01,11,0.00047035026,-0.02839845916936435,0.4636363636363636,0.037678174674510956,정상 위험,5
2021-10-01,12,0.00089932984,0.3059167231163897,0.6272727272727273,0.037678174674510956,정상 위험,5
2021-10-01,13,0.028526552,21.83654506612977,0.9818181818181818,0.037678174674510956,정상 위험,5
2021-10-01,14,0.0002945609,-0.1653957916169441,0.2636363636363636,0.037678174674510956,정상 위험,5
2021-10-01,15,0.00025812845,-0.1937885577578182,0.15,0.037678174674510956,정상 위험,5
2021-10-01,16,0.0004182509,-0.06900088886660065,0.4,0.037678174674510956,정상 위험,5
2021-10-01,17,0.0004948633,-0.009294787606574102,0.4909090909090909,0.037678174674510956,정상 위험,5
2021-10-01,18,0.00030231784,-0.15935058920888603,0.2681818181818182,0.037678174674510956,정상 위험,5
2021-10-01,19,0.0002961177,-0.16418251878825568,0.2636363636363636,0.037678174674510956,정상 위험,5
2021-10-01,20,0.0001867496,-0.24941598968817894,0.01818181818181818,0.037678174674510956,정상 위험,5
2021-10-01,21,0.9670088,753.2207204893859,1.0,0.037678174674510956,불량 위험,5
2021-10-01,22,0.0009119583,0.3157584043602429,0.6272727272727273,0.037678174674510956,정상 위험,5
2021-10-07,1,0.00032466018,-0.14193860900046143,0.3,0.037678174674510956,정상 위험,5
2021-10-07,2,0.00020467193,-0.2354486432778798,0.05,0.037678174674510956,정상 위험,5
2021-10-07,3,0.0002886348,-0.17001415324306968,0.2409090909090909,0.037678174674510956,정상 위험,5
2021-10-07,4,0.0003729177,-0.10433023597994347,0.35909090909090907,0.037678174674510956,정상 위험,5
2021-10-07,5,0.0050884187,3.5705849995605763,0.8954545454545455,0.037678174674510956,정상 위험,5
2021-10-07,6,0.0042550294,2.9211025352592532,0.8818181818181818,0.037678174674510956,정상 위험,5
2021-10-07,7,0.0003766837,-0.10139530968280322,0.35909090909090907,0.037678174674510956,정상 위험,5
2021-10-07,8,0.00031097318,-0.15260525770346847,0.2863636363636364,0.037678174674510956,정상 위험,5
2021-10-07,9,0.00046719954,-0.030853900915572233,0.45454545454545453,0.037678174674510956,정상 위험,5
2021-10-07,10,0.0010158244,0.39670401548521894,0.6454545454545455,0.037678174674510956,정상 위험,5
2021-10-07,11,0.00022461137,-0.219909306540535,0.06363636363636363,0.037678174674510956,정상 위험,5
2021-10-07,12,0.0022880526,1.3881852545719626,0.8090909090909091,0.037678174674510956,정상 위험,5
2021-10-07,13,0.00032818137,-0.13919445586121582,0.3181818181818182,0.037678174674510956,정상 위험,5
2021-10-07,14,0.0001891216,-0.24756743385158775,0.01818181818181818,0.037678174674510956,정상 위험,5
2021-10-07,15,0.0029589057,1.9109988783089473,0.8545454545454545,0.037678174674510956,정상 위험,5
2021-10-07,16,0.0017878814,0.9983885383867784,0.7681818181818182,0.037678174674510956,정상 위험,5
2021-10-07,17,0.00077585,0.2096856253531244,0.6045454545454545,0.037678174674510956,정상 위험,5
2021-10-07,18,0.00032305188,-0.14319200520524256,0.29545454545454547,0.037678174674510956,정상 위험,5
2021-10-07,19,0.0003503711,-0.12190141685359958,0.3409090909090909,0.037678174674510956,정상 위험,5
2021-10-07,20,0.017495846,13.240023054043618,0.9545454545454546,0.037678174674510956,정상 위험,5
2021-10-07,21,0.00040593042,-0.07860255565832681,0.39545454545454545,0.037678174674510956,정상 위험,5
2021-10-07,22,0.0005158832,0.0070865729940068345,0.5045454545454545,0.037678174674510956,정상 위험,5
2021-10-08,1,0.0011743591,0.5202543465946479,0.6772727272727272,0.037678174674510956,정상 위험,5
2021-10-08,2,0.005742697,4.080481481873996,0.9,0.037678174674510956,정상 위험,5
2021-10-08,3,0.0035334474,2.358754525723748,0.8772727272727273,0.037678174674510956,정상 위험,5
2021-10-08,4,0.00028142543,-0.1756326053282426,0.21363636363636362,0.037678174674510956,정상 위험,5
2021-10-08,5,0.0012002691,0.5404466794382162,0.6818181818181818,0.037678174674510956,정상 위험,5
2021-10-08,6,0.00043465305,-0.0562182480762908,0.40454545454545454,0.037678174674510956,정상 위험,5
2021-10-08,7,0.002951044,1.9048720002212343,0.8545454545454545,0.037678174674510956,정상 위험,5
2021-10-08,8,0.00034917868,-0.122830696018039,0.3409090909090909,0.037678174674510956,정상 위험,5
2021-10-08,9,0.00046033727,-0.03620185476259853,0.45454545454545453,0.037678174674510956,정상 위험,5
2021-10-08,10,0.00024603878,-0.20321036113947372,0.11818181818181818,0.037678174674510956,정상 위험,5
2021-10-08,11,0.0009343179,0.3331838346319931,0.6409090909090909,0.037678174674510956,정상 위험,5
2021-10-08,12,0.0008666728,0.2804662093611114,0.6090909090909091,0.037678174674510956,정상 위험,5
2021-10-08,13,0.00042826173,-0.06119917169610861,0.4,0.037678174674510956,정상 위험,5
2021-10-08,14,0.0013325296,0.6435207974467697,0.7,0.037678174674510956,정상 위험,5
2021-10-08,15,0.021858372,16.639855031452367,0.9681818181818181,0.037678174674510956,정상 위험,5
2021-10-08,16,0.00023506072,-0.21176584889090874,0.1,0.037678174674510956,정상 위험,5
2021-10-08,17,0.0018859106,1.0747853517038743,0.7863636363636364,0.037678174674510956,정상 위험,5
2021-10-08,18,0.00060219364,0.0743505891805343,0.5681818181818182,0.037678174674510956,정상 위험,5
2021-10-08,19,0.028018394,21.44052439551449,0.9818181818181818,0.037678174674510956,정상 위험,5
2021-10-08,20,0.00028568457,-0.172313342904539,0.2318181818181818,0.037678174674510956,정상 위험,5
2021-10-08,21,0.00076352945,0.20008386783584461,0.6045454545454545,0.037678174674510956,정상 위험,5
2021-10-08,22,0.00025849565,-0.19350238668028208,0.15,0.037678174674510956,정상 위험,5
2021-10-12,1,0.0010898022,0.45435692942244277,0.6636363636363637,0.037678174674510956,정상 위험,5
2021-10-12,2,0.00035610728,-0.11743105128683226,0.34545454545454546,0.037678174674510956,정상 위험,5
2021-10-12,3,0.001672684,0.9086121554992668,0.759090909090909,0.037678174674510956,정상 위험,5
2021-10-12,4,0.0012880063,0.608822628010028,0.6954545454545454,0.037678174674510956,정상 위험,5
2021-10-12,5,0.002224516,1.3386694248142226,0.8045454545454546,0.037678174674510956,정상 위험,5
2021-10-12,6,0.00045713244,-0.03869946120985576,0.45454545454545453,0.037678174674510956,정상 위험,5
2021-10-12,7,0.0029910835,1.9360759656854862,0.8545454545454545,0.037678174674510956,정상 위험,5
2021-10-12,8,0.00063602114,0.10071325765200441,0.5727272727272728,0.037678174674510956,정상 위험,5
2021-10-12,9,0.0022354384,1.3471816591579646,0.8045454545454546,0.037678174674510956,정상 위험,5
2021-10-12,10,0.0012948588,0.6141629155477725,0.6954545454545454,0.037678174674510956,정상 위험,5
2021-10-12,11,0.00047035026,-0.02839845916936435,0.4636363636363636,0.037678174674510956,정상 위험,5
2021-10-12,12,0.0013578837,0.6632799157717569,0.7,0.037678174674510956,정상 위험,5
2021-10-12,13,0.015408823,11.613550489709038,0.95,0.037678174674510956,정상 위험,5
2021-10-12,14,0.0016920053,0.9236697849096153,0.7636363636363637,0.037678174674510956,정상 위험,5
2021-10-12,15,0.00033079862,-0.13715476396451548,0.32272727272727275,0.037678174674510956,정상 위험,5
2021-10-12,16,0.00037754074,-0.10072738815698222,0.35909090909090907,0.037678174674510956,정상 위험,5
2021-10-12,17,0.0018109202,1.0163433069011805,0.7818181818181819,0.037678174674510956,정상 위험,5
2021-10-12,18,0.00051728013,0.008175234274785032,0.509090909090909,0.037678174674510956,정상 위험,5
2021-10-12,19,0.012630366,9.44822474956019,0.9454545454545454,0.037678174674510956,정상 위험,5
2021-10-12,20,0.032983568,25.310015709299723,0.9818181818181818,0.037678174674510956,정상 위험,5
2021-10-12,21,0.055012055,42.47740109529672,0.990909090909091,0.037678174674510956,불량 위험,5
2021-10-12,22,0.0017554564,0.9731189313854376,0.7681818181818182,0.037678174674510956,정상 위험,5
2021-10-06,1,0.0005800663,-0.06481748959666878,0.42272727272727273,0.1887761950492859,정상 위험,6
2021-10-06,2,0.00046479487,-0.12154502092790341,0.2681818181818182,0.1887761950492859,정상 위험,6
2021-10-06,3,0.0039997785,1.6180959790280796,0.8045454545454546,0.1887761950492859,정상 위험,6
2021-10-06,4,0.00039940726,-0.15372365856366646,0.22272727272727272,0.1887761950492859,정상 위험,6
2021-10-06,5,0.0024577219,0.8592169367751675,0.75,0.1887761950492859,정상 위험,6
2021-10-06,6,0.015175402,7.117859170671142,0.9181818181818182,0.1887761950492859,정상 위험,6
2021-10-06,7,0.000378377,-0.16407309557543465,0.16363636363636364,0.1887761950492859,정상 위험,6
2021-10-06,8,0.00047172734,-0.11813340223562371,0.2818181818181818,0.1887761950492859,정상 위험,6
2021-10-06,9,0.0022225515,0.7434845780309827,0.7272727272727273,0.1887761950492859,정상 위험,6
2021-10-06,10,0.009861405,4.502727618849585,0.8863636363636364,0.1887761950492859,정상 위험,6
2021-10-06,11,0.00038356247,-0.16152122060577845,0.17272727272727273,0.1887761950492859,정상 위험,6
2021-10-06,12,0.00046307585,-0.12239098629310169,0.2681818181818182,0.1887761950492859,정상 위험,6
2021-10-06,13,0.00045953845,-0.12413181443747924,0.2681818181818182,0.1887761950492859,정상 위험,6
2021-10-06,14,0.00096171803,0.12300148783702071,0.5727272727272728,0.1887761950492859,정상 위험,6
2021-10-06,15,0.00038882822,-0.1589298295361886,0.17727272727272728,0.1887761950492859,정상 위험,6
2021-10-06,16,0.0009643583,0.12430080699388277,0.5727272727272728,0.1887761950492859,정상 위험,6
2021-10-06,17,0.00061529706,-0.047479675427874665,0.4409090909090909,0.1887761950492859,정상 위험,6
2021-10-06,18,0.0007525689,0.020074723025743906,0.5227272727272727,0.1887761950492859,정상 위험,6
2021-10-06,19,0.002850274,1.0524002784846656,0.7727272727272727,0.1887761950492859,정상 위험,6
2021-10-06,20,0.0003218941,-0.19186954238698434,0.07272727272727272,0.1887761950492859,정상 위험,6
2021-10-06,21,0.00027527937,-0.21480964814296727,0.031818181818181815,0.1887761950492859,정상 위험,6
2021-10-06,22,0.00492581,2.073815752417211,0.8272727272727273,0.1887761950492859,정상 위험,6
2021-10-13,1,0.00039525874,-0.15576523301699913,0.21818181818181817,0.1887761950492859,정상 위험,6
2021-10-13,2,0.0020016942,0.6347959676806283,0.7045454545454546,0.1887761950492859,정상 위험,6
2021-10-13,3,0.0044510537,1.8401781220788462,0.8181818181818182,0.1887761950492859,정상 위험,6
2021-10-13,4,0.00039364217,-0.1565607827708286,0.21818181818181817,0.1887761950492859,정상 위험,6
2021-10-13,5,0.00039587246,-0.15546321199514293,0.21818181818181817,0.1887761950492859,정상 위험,6
2021-10-13,6,0.0009238973,0.10438910399330922,0.5636363636363636,0.1887761950492859,정상 위험,6
2021-10-13,7,0.0003391178,-0.18339338908037173,0.11818181818181818,0.1887761950492859,정상 위험,6
2021-10-13,8,0.0002906825,-0.2072294318117989,0.045454545454545456,0.1887761950492859,정상 위험,6
2021-10-13,9,0.022868505,10.903799340166351,0.9363636363636364,0.1887761950492859,정상 위험,6
2021-10-13,10,0.0007817783,0.03444930234586955,0.5318181818181819,0.1887761950492859,정상 위험,6
2021-10-13,11,0.00036915173,-0.16861305002442847,0.14545454545454545,0.1887761950492859,정상 위험,6
2021-10-13,12,0.00043696893,-0.13523876033268045,0.2590909090909091,0.1887761950492859,정상 위험,6
2021-10-13,13,0.0004587583,-0.12451574650519287,0.2636363636363636,0.1887761950492859,정상 위험,6
2021-10-13,14,0.001754692,0.5132409495661524,0.6863636363636364,0.1887761950492859,정상 위험,6
2021-10-13,15,0.00026347686,-0.220617913283308,0.02727272727272727,0.1887761950492859,정상 위험,6
2021-10-13,16,0.0074668853,3.3243332849598883,0.8590909090909091,0.1887761950492859,정상 위험,6
2021-10-13,17,0.0005475615,-0.08081379017931319,0.39090909090909093,0.1887761950492859,정상 위험,6
2021-10-13,18,0.017789619,8.404371158112442,0.9227272727272727,0.1887761950492859,정상 위험,6
2021-10-13,19,0.00034124218,-0.18234793830746193,0.12272727272727273,0.1887761950492859,정상 위험,6
2021-10-13,20,0.00044144856,-0.13303423746726176,0.2590909090909091,0.1887761950492859,정상 위험,6
2021-10-13,21,0.00049441395,-0.10696883645277004,0.31363636363636366,0.1887761950492859,정상 위험,6
2021-10-13,22,0.00044165502,-0.1329326328232134,0.2590909090909091,0.1887761950492859,정상 위험,6
2021-10-14,1,0.011540317,5.328956074263528,0.8909090909090909,0.1887761950492859,정상 위험,6
2021-10-14,2,0.00029269088,-0.2062410709897175,0.045454545454545456,0.1887761950492859,정상 위험,6
2021-10-14,3,0.00037290563,-0.16676567593318375,0.15454545454545454,0.1887761950492859,정상 위험,6
2021-10-14,4,0.0003261605,-0.18976996133534382,0.09090909090909091,0.1887761950492859,정상 위험,6
2021-10-14,5,0.0012650809,0.27229282641744235,0.6409090909090909,0.1887761950492859,정상 위험,6
2021-10-14,6,0.00080485217,0.045804444868744014,0.5318181818181819,0.1887761950492859,정상 위험,6
2021-10-14,7,0.036902633,17.810293523663915,0.9636363636363636,0.1887761950492859,정상 위험,6
2021-10-14,8,0.0006855583,-0.012902615339559186,0.4909090909090909,0.1887761950492859,정상 위험,6
2021-10-14,9,0.0018305855,0.550589751115636,0.6909090909090909,0.1887761950492859,정상 위험,6
2021-10-14,10,0.00039416883,-0.15630160069601903,0.21818181818181817,0.1887761950492859,정상 위험,6
2021-10-14,11,0.0003463716,-0.17982363437527304,0.1409090909090909,0.1887761950492859,정상 위험,6
2021-10-14,12,0.00039364217,-0.1565607827708286,0.21818181818181817,0.1887761950492859,정상 위험,6
2021-10-14,13,0.0011194512,0.20062537343314196,0.6181818181818182,0.1887761950492859,정상 위험,6
2021-10-14,14,0.0017508166,0.5113337499042577,0.6863636363636364,0.1887761950492859,정상 위험,6
2021-10-14,15,0.00053308933,-0.08793585464216762,0.35909090909090907,0.1887761950492859,정상 위험,6
2021-10-14,16,0.01332291,6.20620833664887,0.9136363636363637,0.1887761950492859,정상 위험,6
2021-10-14,17,0.049690217,24.103336964558324,0.9636363636363636,0.1887761950492859,정상 위험,6
2021-10-14,18,0.00039597115,-0.15541464400134986,0.21818181818181817,0.1887761950492859,정상 위험,6
2021-10-14,19,0.00037290563,-0.16676567593318375,0.15454545454545454,0.1887761950492859,정상 위험,6
2021-10-14,20,0.00047412995,-0.11695102724547364,0.2863636363636364,0.1887761950492859,정상 위험,6
2021-10-14,21,0.0069795917,3.0845257004374624,0.8545454545454545,0.1887761950492859,정상 위험,6
2021-10-14,22,0.0004295748,-0.13887756437369078,0.25,0.1887761950492859,정상 위험,6
2021-10-15,1,0.0022877739,0.7755819061707967,0.7318181818181818,0.1887761950492859,정상 위험,6
2021-10-15,2,0.00041427978,-0.14640457218320146,0.23636363636363636,0.1887761950492859,정상 위험,6
2021-10-15,3,0.019516852,9.254379282437826,0.9318181818181818,0.1887761950492859,정상 위험,6
2021-10-15,4,0.004907408,2.064759733644156,0.8227272727272728,0.1887761950492859,정상 위험,6
2021-10-15,5,0.00024530562,-0.22956036802723137,0.01818181818181818,0.1887761950492859,정상 위험,6
2021-10-15,6,0.0019288503,0.5989479472168457,0.6954545454545454,0.1887761950492859,정상 위험,6
2021-10-15,7,0.00039398196,-0.15639356621891648,0.21818181818181817,0.1887761950492859,정상 위험,6
2021-10-15,8,0.011078683,5.101775996255896,0.8909090909090909,0.1887761950492859,정상 위험,6
2021-10-15,9,0.00035182276,-0.1771410082362459,0.1409090909090909,0.1887761950492859,정상 위험,6
2021-10-15,10,0.0004291759,-0.13907387016045802,0.25,0.1887761950492859,정상 위험,6
2021-10-15,11,0.00048412586,-0.11203182422448141,0.30454545454545456,0.1887761950492859,정상 위험,6
2021-10-15,12,0.0005668917,-0.07130099450916344,0.4090909090909091,0.1887761950492859,정상 위험,6
2021-10-15,13,0.012781635,5.939835162363137,0.9136363636363637,0.1887761950492859,정상 위험,6
2021-10-15,14,0.00033106332,-0.1873571732980747,0.11818181818181818,0.1887761950492859,정상 위험,6
2021-10-15,15,0.0007836971,0.03539359247585385,0.5318181818181819,0.1887761950492859,정상 위험,6
2021-10-15,16,0.00023798808,-0.2331614892632669,0.01818181818181818,0.1887761950492859,정상 위험,6
2021-10-15,17,0.00025364125,-0.22545822733060156,0.01818181818181818,0.1887761950492859,정상 위험,6
2021-10-15,18,0.00043826926,-0.1345988401337184,0.2590909090909091,0.1887761950492859,정상 위험,6
2021-10-15,19,0.0006017473,-0.05414779887177381,0.4318181818181818,0.1887761950492859,정상 위험,6
2021-10-15,20,0.0005475615,-0.08081379017931319,0.39090909090909093,0.1887761950492859,정상 위험,6
2021-10-15,21,0.0010475133,0.16522318738716843,0.6,0.1887761950492859,정상 위험,6
2021-10-15,22,0.0024290544,0.8451090445810893,0.7454545454545455,0.1887761950492859,정상 위험,6
2021-10-18,1,0.00024106818,-0.1986397100627693,0.13636363636363635,0.12554483115673065,정상 위험,7
2021-10-18,2,0.0007607149,0.08646570984851218,0.5727272727272728,0.12554483115673065,정상 위험,7
2021-10-18,3,0.0004979944,-0.057676503475977504,0.42272727272727273,0.12554483115673065,정상 위험,7
2021-10-18,4,0.00097103434,0.20185799780291452,0.6227272727272727,0.12554483115673065,정상 위험,7
2021-10-18,5,0.00055591535,-0.02589804475297383,0.45,0.12554483115673065,정상 위험,7
2021-10-18,6,0.00022862785,-0.20546512754757063,0.11363636363636363,0.12554483115673065,정상 위험,7
2021-10-18,7,0.00033894228,-0.14494084720148326,0.32272727272727275,0.12554483115673065,정상 위험,7
2021-10-18,8,0.00025919333,-0.18869530114421249,0.19545454545454546,0.12554483115673065,정상 위험,7
2021-10-18,9,0.00019377608,-0.22458663251838187,0.004545454545454545,0.12554483115673065,정상 위험,7
2021-10-18,10,0.00093382876,0.18144506600509794,0.6227272727272727,0.12554483115673065,정상 위험,7
2021-10-18,11,0.0004099884,-0.10596122265664988,0.37272727272727274,0.12554483115673065,정상 위험,7
2021-10-18,12,0.000850684,0.1358274949548263,0.6045454545454545,0.12554483115673065,정상 위험,7
2021-10-18,13,0.00046532796,-0.07559903568651927,0.39545454545454545,0.12554483115673065,정상 위험,7
2021-10-18,14,0.00019842548,-0.22203573060660584,0.00909090909090909,0.12554483115673065,정상 위험,7
2021-10-18,15,0.0011434038,0.2964289273413709,0.6545454545454545,0.12554483115673065,정상 위험,7
2021-10-18,16,0.0012319431,0.3450062420866145,0.6545454545454545,0.12554483115673065,정상 위험,7
2021-10-18,17,0.00085370877,0.13748703746879096,0.6045454545454545,0.12554483115673065,정상 위험,7
2021-10-18,18,0.0005232151,-0.04383911568052429,0.4318181818181818,0.12554483115673065,정상 위험,7
2021-10-18,19,0.00019954411,-0.22142198889519674,0.013636363636363636,0.12554483115673065,정상 위험,7
2021-10-18,20,0.0002771182,-0.17886077524124164,0.23636363636363636,0.12554483115673065,정상 위험,7
2021-10-18,21,0.0003324055,-0.14852726659647503,0.31363636363636366,0.12554483115673065,정상 위험,7
2021-10-18,22,0.0004215357,-0.09962577180583056,0.37727272727272726,0.12554483115673065,정상 위험,7
2021-10-19,1,0.0003455942,-0.14129125884483226,0.33181818181818185,0.12554483115673065,정상 위험,7
2021-10-19,2,0.00022994498,-0.20474247686169317,0.11818181818181818,0.12554483115673065,정상 위험,7
2021-10-19,3,0.01696926,8.979323214834524,0.9454545454545454,0.12554483115673065,정상 위험,7
2021-10-19,4,0.00024106818,-0.1986397100627693,0.13636363636363635,0.12554483115673065,정상 위험,7
2021-10-19,5,0.00026151375,-0.187422197467739,0.2,0.12554483115673065,정상 위험,7
2021-10-19,6,0.00036180625,-0.13239647503780916,0.33636363636363636,0.12554483115673065,정상 위험,7
2021-10-19,7,0.00023124108,-0.20403137095824234,0.12272727272727273,0.12554483115673065,정상 위험,7
2021-10-19,8,0.00029749353,-0.16768180114190512,0.2727272727272727,0.12554483115673065,정상 위험,7
2021-10-19,9,0.00023678939,-0.2009872768992752,0.12727272727272726,0.12554483115673065,정상 위험,7
2021-10-19,10,0.0016509402,0.5748899736726266,0.7318181818181818,0.12554483115673065,정상 위험,7
2021-10-19,11,0.00080938835,0.11317053210093819,0.6,0.12554483115673065,정상 위험,7
2021-10-19,12,0.0038953791,1.8063068619456235,0.8227272727272728,0.12554483115673065,정상 위험,7
2021-10-19,13,0.014191906,7.4555212826147885,0.9318181818181818,0.12554483115673065,정상 위험,7
2021-10-19,14,0.0014866387,0.4847455660091458,0.7,0.12554483115673065,정상 위험,7
2021-10-19,15,0.007768758,3.9314456288731208,0.9045454545454545,0.12554483115673065,정상 위험,7
2021-10-19,16,0.0005973758,-0.0031506717219081312,0.4954545454545455,0.12554483115673065,정상 위험,7
2021-10-19,17,0.00027294952,-0.18114793556056938,0.23636363636363636,0.12554483115673065,정상 위험,7
2021-10-19,18,0.119498424,65.2321979574741,0.9863636363636363,0.12554483115673065,정상 위험,7
2021-10-19,19,0.00055591535,-0.02589804475297383,0.45,0.12554483115673065,정상 위험,7
2021-10-19,20,0.0030289926,1.3309617667624054,0.8045454545454546,0.12554483115673065,정상 위험,7
2021-10-19,21,0.00064128253,0.020938866097657393,0.5227272727272727,0.12554483115673065,정상 위험,7
2021-10-19,22,0.0010424405,0.24103517704786118,0.6454545454545455,0.12554483115673065,정상 위험,7
2021-10-20,1,0.0008965365,0.16098458183927802,0.6181818181818182,0.12554483115673065,정상 위험,7
2021-10-20,2,0.0003157378,-0.15767204364508988,0.29545454545454547,0.12554483115673065,정상 위험,7
2021-10-20,3,0.00047842448,-0.06841359823355568,0.40454545454545454,0.12554483115673065,정상 위험,7
2021-10-20,4,0.0002273941,-0.20614202225275174,0.11363636363636363,0.12554483115673065,정상 위험,7
2021-10-20,5,0.00081019703,0.11361421581394716,0.6,0.12554483115673065,정상 위험,7
2021-10-20,6,0.00028312087,-0.17556739851166198,0.2636363636363636,0.12554483115673065,정상 위험,7
2021-10-20,7,0.0002326926,-0.20323498855334024,0.12727272727272726,0.12554483115673065,정상 위험,7
2021-10-20,8,0.00023124108,-0.20403137095824234,0.12272727272727273,0.12554483115673065,정상 위험,7
2021-10-20,9,0.0002252885,-0.20729726695399603,0.10909090909090909,0.12554483115673065,정상 위험,7
2021-10-20,10,0.001817437,0.6662388710013956,0.740909090909091,0.12554483115673065,정상 위험,7
2021-10-20,11,0.0006200171,0.009271546104887014,0.509090909090909,0.12554483115673065,정상 위험,7
2021-10-20,12,0.00069351384,0.04959569868552193,0.5545454545454546,0.12554483115673065,정상 위험,7
2021-10-20,13,0.00019842548,-0.22203573060660584,0.00909090909090909,0.12554483115673065,정상 위험,7
2021-10-20,14,0.02361937,12.627922584425534,0.9590909090909091,0.12554483115673065,정상 위험,7
2021-10-20,15,0.00027073355,-0.18236373048997637,0.22727272727272727,0.12554483115673065,정상 위험,7
2021-10-20,16,0.0006564251,0.02924686198682065,0.5363636363636364,0.12554483115673065,정상 위험,7
2021-10-20,17,0.0018977418,0.7102982956212557,0.740909090909091,0.12554483115673065,정상 위험,7
2021-10-20,18,0.00072290696,0.06572230665774828,0.5636363636363636,0.12554483115673065,정상 위험,7
2021-10-20,19,0.00019954411,-0.22142198889519674,0.013636363636363636,0.12554483115673065,정상 위험,7
2021-10-20,20,0.0026271222,1.1104746258057376,0.7909090909090909,0.12554483115673065,정상 위험,7
2021-10-20,21,0.004852946,2.3316781979562284,0.8454545454545455,0.12554483115673065,정상 위험,7
2021-10-20,22,0.00074683025,0.07884787797877142,0.5681818181818182,0.12554483115673065,정상 위험,7
2021-10-22,1,0.0016924943,0.5976887313646174,0.7363636363636363,0.12554483115673065,정상 위험,7
2021-10-22,2,0.00029822675,-0.16727952216033762,0.2727272727272727,0.12554483115673065,정상 위험,7
2021-10-22,3,0.7867558,431.32457579351654,1.0,0.12554483115673065,불량 위험,7
2021-10-22,4,0.00031801197,-0.15642431294133544,0.29545454545454547,0.12554483115673065,정상 위험,7
2021-10-22,5,0.0015877465,0.5402186447661346,0.7272727272727273,0.12554483115673065,정상 위험,7
2021-10-22,6,0.014780324,7.778358237089688,0.9363636363636364,0.12554483115673065,정상 위험,7
2021-10-22,7,0.0006759559,0.03996249590403734,0.5545454545454546,0.12554483115673065,정상 위험,7
2021-10-22,8,0.00023879748,-0.19988553260400646,0.1318181818181818,0.12554483115673065,정상 위험,7
2021-10-22,9,0.00038291435,-0.12081546147521274,0.34545454545454546,0.12554483115673065,정상 위험,7
2021-10-22,10,0.0005544363,-0.02670953277914226,0.45,0.12554483115673065,정상 위험,7
2021-10-22,11,0.00053085777,-0.03964594850870552,0.43636363636363634,0.12554483115673065,정상 위험,7
2021-10-22,12,0.019468259,10.35040520829047,0.95,0.12554483115673065,정상 위험,7
2021-10-22,13,0.0004772898,-0.06903613825079748,0.40454545454545454,0.12554483115673065,정상 위험,7
2021-10-22,14,0.0012312692,0.34463648969121985,0.6545454545454545,0.12554483115673065,정상 위험,7
2021-10-22,15,0.0016316856,0.5643259388762373,0.7318181818181818,0.12554483115673065,정상 위험,7
2021-10-22,16,0.00067163265,0.03759053013592999,0.5545454545454546,0.12554483115673065,정상 위험,7
2021-10-22,17,0.0027511755,1.1785367868104868,0.7909090909090909,0.12554483115673065,정상 위험,7
2021-10-22,18,0.0005947514,-0.00459055997991112,0.4909090909090909,0.12554483115673065,정상 위험,7
2021-10-22,19,0.00023678939,-0.2009872768992752,0.12727272727272726,0.12554483115673065,정상 위험,7
2021-10-22,20,0.00029332502,-0.1699688656539098,0.2727272727272727,0.12554483115673065,정상 위험,7
2021-10-22,21,0.00023812655,-0.20025364030702222,0.1318181818181818,0.12554483115673065,정상 위험,7
2021-10-22,22,0.00025571955,-0.1906011962214933,0.19090909090909092,0.12554483115673065,정상 위험,7
2021-10-21,1,0.001186579,0.3005521548135234,0.6136363636363636,0.021571408957242966,정상 위험,8
2021-10-21,2,0.0004264456,-0.18661171884767752,0.16363636363636364,0.021571408957242966,정상 위험,8
2021-10-21,3,0.00040503422,-0.20033410604752985,0.12727272727272726,0.021571408957242966,정상 위험,8
2021-10-21,4,0.0006989018,-0.011996571161191516,0.4772727272727273,0.021571408957242966,정상 위험,8
2021-10-21,5,0.00062703533,-0.058055239132632934,0.45,0.021571408957242966,정상 위험,8
2021-10-21,6,0.00037573738,-0.2191102384509799,0.07272727272727272,0.021571408957242966,정상 위험,8
2021-10-21,7,0.0012354961,0.3319027852535161,0.6454545454545455,0.021571408957242966,정상 위험,8
2021-10-21,8,0.0004567095,-0.1672158035170984,0.21363636363636362,0.021571408957242966,정상 위험,8
2021-10-21,9,0.00066124985,-0.03612740571807759,0.4590909090909091,0.021571408957242966,정상 위험,8
2021-10-21,10,0.0014230554,0.45210814327953247,0.7090909090909091,0.021571408957242966,정상 위험,8
2021-10-21,11,0.001716225,0.6399983182969571,0.7227272727272728,0.021571408957242966,정상 위험,8
2021-10-21,12,0.0007863288,0.04403476745708389,0.5181818181818182,0.021571408957242966,정상 위험,8
2021-10-21,13,0.0006673288,-0.03223147277027879,0.4636363636363636,0.021571408957242966,정상 위험,8
2021-10-21,14,0.00061821856,-0.06370584342751523,0.45,0.021571408957242966,정상 위험,8
2021-10-21,15,0.003787582,1.9675157495052582,0.8636363636363636,0.021571408957242966,정상 위험,8
2021-10-21,16,0.0005492493,-0.10790773665283906,0.40454545454545454,0.021571408957242966,정상 위험,8
2021-10-21,17,0.0005119804,-0.13179310523762272,0.36818181818181817,0.021571408957242966,정상 위험,8
2021-10-21,18,0.0009324228,0.13766533769971787,0.5409090909090909,0.021571408957242966,정상 위험,8
2021-10-21,19,0.0010980509,0.243815120177883,0.5772727272727273,0.021571408957242966,정상 위험,8
2021-10-21,20,0.0006673288,-0.03223147277027879,0.4636363636363636,0.021571408957242966,정상 위험,8
2021-10-21,21,0.002411223,1.0854174392269806,0.7818181818181819,0.021571408957242966,정상 위험,8
2021-10-21,22,0.0014628989,0.4776435430819547,0.7090909090909091,0.021571408957242966,정상 위험,8
2021-10-25,1,0.00047334554,-0.15655388829571054,0.2818181818181818,0.021571408957242966,정상 위험,8
2021-10-25,2,0.0005544334,-0.10458529130217255,0.4090909090909091,0.021571408957242966,정상 위험,8
2021-10-25,3,0.00080229767,0.054269094384818535,0.5227272727272727,0.021571408957242966,정상 위험,8
2021-10-25,4,0.0010162658,0.19139970423588654,0.5727272727272728,0.021571408957242966,정상 위험,8
2021-10-25,5,0.002037342,0.845799824476908,0.75,0.021571408957242966,정상 위험,8
2021-10-25,6,0.000457508,-0.1667040554615815,0.2545454545454545,0.021571408957242966,정상 위험,8
2021-10-25,7,0.00040920434,-0.19766151134033205,0.15,0.021571408957242966,정상 위험,8
2021-10-25,8,0.0009937898,0.17699495520796255,0.5636363636363636,0.021571408957242966,정상 위험,8
2021-10-25,9,0.00046191772,-0.16387789530238378,0.2545454545454545,0.021571408957242966,정상 위험,8
2021-10-25,10,0.0007201298,0.0016083243852965958,0.509090909090909,0.021571408957242966,정상 위험,8
2021-10-25,11,0.00039311024,-0.20797609967216676,0.09090909090909091,0.021571408957242966,정상 위험,8
2021-10-25,12,0.00045284588,-0.16969196948932577,0.20909090909090908,0.021571408957242966,정상 위험,8
2021-10-25,13,0.00041837987,-0.1917809785471134,0.15454545454545454,0.021571408957242966,정상 위험,8
2021-10-25,14,0.00038985835,-0.21006021022892146,0.07727272727272727,0.021571408957242966,정상 위험,8
2021-10-25,15,0.00039715765,-0.2053821436077033,0.11818181818181818,0.021571408957242966,정상 위험,8
2021-10-25,16,0.02984107,18.665002758041485,0.990909090909091,0.021571408957242966,불량 위험,8
2021-10-25,17,0.0006364183,-0.05204177047443145,0.45,0.021571408957242966,정상 위험,8
2021-10-25,18,0.0014132807,0.4458436129203812,0.6954545454545454,0.021571408957242966,정상 위험,8
2021-10-25,19,0.0012939767,0.3693825294145549,0.6818181818181818,0.021571408957242966,정상 위험,8
2021-10-25,20,0.0010252583,0.1971629319000359,0.5727272727272728,0.021571408957242966,정상 위험,8
2021-10-25,21,0.0008866282,0.10831588911496255,0.5363636363636364,0.021571408957242966,정상 위험,8
2021-10-25,22,0.0014230554,0.45210814327953247,0.7090909090909091,0.021571408957242966,정상 위험,8
2021-10-26,1,0.0011809394,0.2969377616364627,0.6090909090909091,0.021571408957242966,정상 위험,8
2021-10-26,2,0.0047747917,2.6002110820835784,0.8727272727272727,0.021571408957242966,정상 위험,8
2021-10-26,3,0.0043194573,2.3083906890877075,0.8727272727272727,0.021571408957242966,정상 위험,8
2021-10-26,4,0.0004379625,-0.17923061675433216,0.18181818181818182,0.021571408957242966,정상 위험,8
2021-10-26,5,0.0008462612,0.08244500671571398,0.5227272727272727,0.021571408957242966,정상 위험,8
2021-10-26,6,0.00038985835,-0.21006021022892146,0.07727272727272727,0.021571408957242966,정상 위험,8
2021-10-26,7,0.010207238,6.081825522227457,0.9681818181818181,0.021571408957242966,정상 위험,8
2021-10-26,8,0.0004659278,-0.16130787030495733,0.2636363636363636,0.021571408957242966,정상 위험,8
2021-10-26,9,0.0005145239,-0.13016299481468055,0.37272727272727274,0.021571408957242966,정상 위험,8
2021-10-26,10,0.0005471162,-0.10927481051509821,0.40454545454545454,0.021571408957242966,정상 위험,8
2021-10-26,11,0.0011809394,0.2969377616364627,0.6090909090909091,0.021571408957242966,정상 위험,8
2021-10-26,12,0.000457508,-0.1667040554615815,0.2545454545454545,0.021571408957242966,정상 위험,8
2021-10-26,13,0.000415673,-0.1935157850567889,0.15,0.021571408957242966,정상 위험,8
2021-10-26,14,0.0027801236,1.3218431010231062,0.8090909090909091,0.021571408957242966,정상 위험,8
2021-10-26,15,0.0025916202,1.2010326581843997,0.7909090909090909,0.021571408957242966,정상 위험,8
2021-10-26,16,0.00048815206,-0.14706450209699007,0.31363636363636366,0.021571408957242966,정상 위험,8
2021-10-26,17,0.00091585546,0.12704744221192893,0.5409090909090909,0.021571408957242966,정상 위험,8
2021-10-26,18,0.0010529301,0.2148975872504228,0.5772727272727273,0.021571408957242966,정상 위험,8
2021-10-26,19,0.00046986336,-0.15878559552702803,0.2681818181818182,0.021571408957242966,정상 위험,8
2021-10-26,20,0.0012229157,0.3238400860817082,0.6272727272727273,0.021571408957242966,정상 위험,8
2021-10-26,21,0.00037960598,-0.21663088291330954,0.07727272727272727,0.021571408957242966,정상 위험,8
2021-10-26,22,0.001082723,0.23399163166211856,0.5772727272727273,0.021571408957242966,정상 위험,8
2021-10-27,1,0.0041679284,2.2112768895521944,0.8681818181818182,0.021571408957242966,정상 위험,8
2021-10-27,2,0.0012217893,0.32311816245068603,0.6272727272727273,0.021571408957242966,정상 위험,8
2021-10-27,3,0.0012289874,0.32773135592213426,0.6363636363636364,0.021571408957242966,정상 위험,8
2021-10-27,4,0.0004650754,-0.16185416265989166,0.2590909090909091,0.021571408957242966,정상 위험,8
2021-10-27,5,0.0010938889,0.2411477481509427,0.5772727272727273,0.021571408957242966,정상 위험,8
2021-10-27,6,0.0066694748,3.8144994623343935,0.9272727272727272,0.021571408957242966,정상 위험,8
2021-10-27,7,0.00039715765,-0.2053821436077033,0.11818181818181818,0.021571408957242966,정상 위험,8
2021-10-27,8,0.02844272,17.768811119698068,0.990909090909091,0.021571408957242966,불량 위험,8
2021-10-27,9,0.011243145,6.745730845927407,0.9727272727272728,0.021571408957242966,정상 위험,8
2021-10-27,10,0.0008376409,0.07692030631989637,0.5227272727272727,0.021571408957242966,정상 위험,8
2021-10-27,11,0.014669746,8.941814175208501,0.9818181818181818,0.021571408957242966,정상 위험,8
2021-10-27,12,0.0005567022,-0.10313122250876706,0.41818181818181815,0.021571408957242966,정상 위험,8
2021-10-27,13,0.00046986336,-0.15878559552702803,0.2681818181818182,0.021571408957242966,정상 위험,8
2021-10-27,14,0.0010962987,0.2426921693128029,0.5772727272727273,0.021571408957242966,정상 위험,8
2021-10-27,15,0.001193816,0.30519026793077164,0.6181818181818182,0.021571408957242966,정상 위험,8
2021-10-27,16,0.0018463036,0.7233647550295297,0.7363636363636363,0.021571408957242966,정상 위험,8
2021-10-27,17,0.0030250181,1.4787941928048292,0.8318181818181818,0.021571408957242966,정상 위험,8
2021-10-27,18,0.000457508,-0.1667040554615815,0.2545454545454545,0.021571408957242966,정상 위험,8
2021-10-27,19,0.0025936041,1.2023041569979467,0.7909090909090909,0.021571408957242966,정상 위험,8
2021-10-27,20,0.015528915,9.492449412606083,0.9818181818181818,0.021571408957242966,정상 위험,8
2021-10-27,21,0.005452216,3.034367418428589,0.9,0.021571408957242966,정상 위험,8
2021-10-27,22,0.0024024018,1.0797639624579567,0.7818181818181819,0.021571408957242966,정상 위험,8
