label,category,sort_key,defect_prob
Error_10,불량,10,99.9987
Error_11,불량,11,99.9778
Error_12,불량,12,99.9842
Error_13,불량,13,99.9997
Error_14,불량,14,99.9947
Error_15,불량,15,99.9998
Error_16,불량,16,99.9988
Error_17,불량,17,99.9994
Error_18,불량,18,99.9983
Error_19,불량,19,99.98
Error_1,불량,1,99.9992
Error_20,불량,20,99.9995
Error_21,불량,21,99.9982
Error_22,불량,22,99.9998
Error_23,불량,23,99.9996
Error_24,불량,24,99.9992
Error_25,불량,25,99.9997
Error_26,불량,26,99.9993
Error_27,불량,27,99.9985
Error_28,불량,28,99.9991
Error_29,불량,29,99.9974
Error_2,불량,2,99.9982
Error_30,불량,30,99.9993
Error_31,불량,31,99.9977
Error_32,불량,32,99.9979
Error_33,불량,33,99.9997
Error_34,불량,34,99.9975
Error_35,불량,35,99.9938
Error_36,불량,36,99.9992
Error_37,불량,37,99.9332
Error_38,불량,38,99.9992
Error_39,불량,39,99.9982
Error_3,불량,3,99.9963
Error_40,불량,40,99.9963
Error_41,불량,41,99.9739
Error_42,불량,42,99.9778
Error_43,불량,43,99.9973
Error_44,불량,44,99.9989
Error_45,불량,45,99.9979
Error_46,불량,46,99.9778
Error_47,불량,47,99.9987
Error_48,불량,48,99.9778
Error_49,불량,49,99.9842
Error_4,불량,4,99.9739
Error_50,불량,50,99.9997
Error_51,불량,51,99.9947
Error_52,불량,52,99.9998
Error_53,불량,53,99.9988
Error_54,불량,54,99.9994
Error_55,불량,55,99.9983
Error_56,불량,56,99.98
Error_57,불량,57,99.9995
Error_58,불량,58,99.9982
Error_59,불량,59,99.9998
Error_5,불량,5,99.9778
Error_60,불량,60,99.9996
Error_61,불량,61,99.9992
Error_62,불량,62,99.9997
Error_63,불량,63,99.9993
Error_64,불량,64,99.9985
Error_65,불량,65,99.9991
Error_66,불량,66,99.9974
Error_67,불량,67,99.9993
Error_68,불량,68,99.9977
Error_69,불량,69,99.9979
Error_6,불량,6,99.9973
Error_70,불량,70,99.9997
Error_71,불량,71,99.9975
Error_72,불량,72,99.9938
Error_73,불량,73,99.9992
Error_74,불량,74,99.9332
Error_7,불량,7,99.9989
Error_8,불량,8,99.9979
Error_9,불량,9,99.9778
Normal_1000,정상,1000,0.0002
Normal_1001,정상,1001,0.0
Normal_1002,정상,1002,0.0001
Normal_1003,정상,1003,0.0002
Normal_1004,정상,1004,0.0004
Normal_1005,정상,1005,0.0001
Normal_1006,정상,1006,0.0
Normal_1007,정상,1007,0.0001
Normal_1008,정상,1008,0.0001
Normal_1009,정상,1009,0.0002
Normal_100,정상,100,0.0001
Normal_1010,정상,1010,0.0004
Normal_1011,정상,1011,0.0001
Normal_1012,정상,1012,0.0
Normal_1013,정상,1013,0.0001
Normal_1014,정상,1014,0.0001
Normal_1015,정상,1015,0.0003
Normal_1016,정상,1016,0.0006
Normal_1017,정상,1017,0.0001
Normal_1018,정상,1018,0.0001
Normal_1019,정상,1019,0.0
Normal_101,정상,101,0.0001
Normal_1020,정상,1020,0.0002
Normal_1021,정상,1021,0.0
Normal_1022,정상,1022,0.0009
Normal_1023,정상,1023,0.0001
Normal_1024,정상,1024,0.0
Normal_1025,정상,1025,0.0
Normal_1026,정상,1026,0.0
Normal_1027,정상,1027,0.0
Normal_1028,정상,1028,0.0001
Normal_1029,정상,1029,0.0001
Normal_102,정상,102,0.0
Normal_1030,정상,1030,0.0001
Normal_1031,정상,1031,0.0001
Normal_1032,정상,1032,0.0
Normal_1033,정상,1033,0.0
Normal_1034,정상,1034,0.0002
Normal_1035,정상,1035,0.0009
Normal_1036,정상,1036,0.0001
Normal_1037,정상,1037,0.0
Normal_1038,정상,1038,0.0
Normal_1039,정상,1039,0.0
Normal_103,정상,103,0.0002
Normal_1040,정상,1040,0.0
Normal_1041,정상,1041,0.0
Normal_1042,정상,1042,0.0001
Normal_1043,정상,1043,0.0001
Normal_1044,정상,1044,0.0001
Normal_1045,정상,1045,0.0003
Normal_1046,정상,1046,0.0001
Normal_1047,정상,1047,0.0002
Normal_1048,정상,1048,0.0
Normal_1049,정상,1049,0.0001
Normal_104,정상,104,0.0
Normal_1050,정상,1050,0.0002
Normal_1051,정상,1051,0.0004
Normal_1052,정상,1052,0.0001
Normal_1053,정상,1053,0.0
Normal_1054,정상,1054,0.0001
Normal_1055,정상,1055,0.0001
Normal_1056,정상,1056,0.0003
Normal_1057,정상,1057,0.0006
Normal_1058,정상,1058,0.0001
Normal_1059,정상,1059,0.0001
Normal_105,정상,105,0.0009
Normal_1060,정상,1060,0.0
Normal_1061,정상,1061,0.0002
Normal_1062,정상,1062,0.0
Normal_1063,정상,1063,0.0009
Normal_1064,정상,1064,0.0001
Normal_1065,정상,1065,0.0
Normal_1066,정상,1066,0.0
Normal_1067,정상,1067,0.0
Normal_1068,정상,1068,0.0
Normal_1069,정상,1069,0.0
Normal_106,정상,106,0.0001
Normal_1070,정상,1070,0.0001
Normal_1071,정상,1071,0.0001
Normal_1072,정상,1072,0.0001
Normal_1073,정상,1073,0.0003
Normal_1074,정상,1074,0.0001
Normal_1075,정상,1075,0.0002
Normal_1076,정상,1076,0.0
Normal_1077,정상,1077,0.0001
Normal_1078,정상,1078,0.0002
Normal_1079,정상,1079,0.0004
Normal_107,정상,107,0.0
Normal_1080,정상,1080,0.0001
Normal_1081,정상,1081,0.0
Normal_1082,정상,1082,0.0001
Normal_1083,정상,1083,0.0001
Normal_1084,정상,1084,0.0003
Normal_1085,정상,1085,0.0006
Normal_1086,정상,1086,0.0001
Normal_1087,정상,1087,0.0001
Normal_1088,정상,1088,0.0
Normal_1089,정상,1089,0.0
Normal_108,정상,108,0.0
Normal_1090,정상,1090,0.0
Normal_1091,정상,1091,0.0002
Normal_1092,정상,1092,0.0009
Normal_1093,정상,1093,0.0001
Normal_1094,정상,1094,0.0
Normal_1095,정상,1095,0.0
Normal_1096,정상,1096,0.0
Normal_1097,정상,1097,0.0
Normal_1098,정상,1098,0.0
Normal_1099,정상,1099,0.0001
Normal_109,정상,109,0.0
Normal_10,정상,10,0.0001
Normal_1100,정상,1100,0.0001
Normal_1101,정상,1101,0.0001
Normal_1102,정상,1102,0.0001
Normal_1103,정상,1103,0.0003
Normal_1104,정상,1104,0.0002
Normal_1105,정상,1105,0.0
Normal_1106,정상,1106,0.0001
Normal_1107,정상,1107,0.0003
Normal_1108,정상,1108,0.0001
Normal_1109,정상,1109,0.0002
Normal_110,정상,110,0.0
Normal_1110,정상,1110,0.0
Normal_1111,정상,1111,0.0001
Normal_1112,정상,1112,0.0002
Normal_1113,정상,1113,0.0004
Normal_1114,정상,1114,0.0001
Normal_1115,정상,1115,0.0
Normal_1116,정상,1116,0.0001
Normal_1117,정상,1117,0.0001
Normal_1118,정상,1118,0.0002
Normal_1119,정상,1119,0.0004
Normal_111,정상,111,0.0001
Normal_1120,정상,1120,0.0001
Normal_1121,정상,1121,0.0
Normal_1122,정상,1122,0.0001
Normal_1123,정상,1123,0.0001
Normal_1124,정상,1124,0.0003
Normal_1125,정상,1125,0.0006
Normal_1126,정상,1126,0.0001
Normal_1127,정상,1127,0.0001
Normal_1128,정상,1128,0.0
Normal_1129,정상,1129,0.0002
Normal_112,정상,112,0.0001
Normal_1130,정상,1130,0.0
Normal_1131,정상,1131,0.0009
Normal_1132,정상,1132,0.0001
Normal_1133,정상,1133,0.0
Normal_1134,정상,1134,0.0
Normal_1135,정상,1135,0.0
Normal_1136,정상,1136,0.0
Normal_1137,정상,1137,0.0001
Normal_1138,정상,1138,0.0001
Normal_1139,정상,1139,0.0001
Normal_113,정상,113,0.0001
Normal_1140,정상,1140,0.0003
Normal_1141,정상,1141,0.0006
Normal_1142,정상,1142,0.0
Normal_1143,정상,1143,0.0
Normal_1144,정상,1144,0.0
Normal_1145,정상,1145,0.0
Normal_1146,정상,1146,0.0001
Normal_1147,정상,1147,0.0001
Normal_1148,정상,1148,0.0001
Normal_1149,정상,1149,0.0003
Normal_114,정상,114,0.0001
Normal_1150,정상,1150,0.0006
Normal_1151,정상,1151,0.0001
Normal_1152,정상,1152,0.0001
Normal_1153,정상,1153,0.0
Normal_1154,정상,1154,0.0
Normal_1155,정상,1155,0.0002
Normal_1156,정상,1156,0.0009
Normal_1157,정상,1157,0.0001
Normal_1158,정상,1158,0.0
Normal_1159,정상,1159,0.0
Normal_115,정상,115,0.0
Normal_1160,정상,1160,0.0
Normal_1161,정상,1161,0.0
Normal_1162,정상,1162,0.0
Normal_1163,정상,1163,0.0001
Normal_1164,정상,1164,0.0001
Normal_1165,정상,1165,0.0001
Normal_1166,정상,1166,0.0003
Normal_1167,정상,1167,0.0001
Normal_1168,정상,1168,0.0002
Normal_1169,정상,1169,0.0
Normal_116,정상,116,0.0
Normal_1170,정상,1170,0.0001
Normal_1171,정상,1171,0.0002
Normal_1172,정상,1172,0.0004
Normal_1173,정상,1173,0.0001
Normal_1174,정상,1174,0.0
Normal_1175,정상,1175,0.0001
Normal_1176,정상,1176,0.0001
Normal_1177,정상,1177,0.0003
Normal_1178,정상,1178,0.0006
Normal_1179,정상,1179,0.0001
Normal_117,정상,117,0.0002
Normal_1180,정상,1180,0.0001
Normal_1181,정상,1181,0.0
Normal_1182,정상,1182,0.0002
Normal_1183,정상,1183,0.0
Normal_1184,정상,1184,0.0009
Normal_1185,정상,1185,0.0001
Normal_1186,정상,1186,0.0
Normal_1187,정상,1187,0.0
Normal_1188,정상,1188,0.0
Normal_1189,정상,1189,0.0
Normal_118,정상,118,0.0009
Normal_1190,정상,1190,0.0
Normal_1191,정상,1191,0.0001
Normal_1192,정상,1192,0.0001
Normal_1193,정상,1193,0.0001
Normal_1194,정상,1194,0.0003
Normal_1195,정상,1195,0.0001
Normal_1196,정상,1196,0.0002
Normal_1197,정상,1197,0.0
Normal_1198,정상,1198,0.0001
Normal_1199,정상,1199,0.0002
Normal_119,정상,119,0.0001
Normal_11,정상,11,0.0
Normal_1200,정상,1200,0.0004
Normal_1201,정상,1201,0.0001
Normal_1202,정상,1202,0.0
Normal_1203,정상,1203,0.0001
Normal_1204,정상,1204,0.0001
Normal_1205,정상,1205,0.0003
Normal_1206,정상,1206,0.0006
Normal_1207,정상,1207,0.0001
Normal_1208,정상,1208,0.0001
Normal_1209,정상,1209,0.0
Normal_120,정상,120,0.0
Normal_1210,정상,1210,0.0
Normal_1211,정상,1211,0.0
Normal_1212,정상,1212,0.0002
Normal_1213,정상,1213,0.0009
Normal_1214,정상,1214,0.0001
Normal_1215,정상,1215,0.0
Normal_1216,정상,1216,0.0
Normal_1217,정상,1217,0.0
Normal_1218,정상,1218,0.0
Normal_1219,정상,1219,0.0
Normal_121,정상,121,0.0
Normal_1220,정상,1220,0.0001
Normal_1221,정상,1221,0.0001
Normal_1222,정상,1222,0.0001
Normal_1223,정상,1223,0.0001
Normal_1224,정상,1224,0.0003
Normal_1225,정상,1225,0.0002
Normal_1226,정상,1226,0.0
Normal_1227,정상,1227,0.0001
Normal_1228,정상,1228,0.0003
Normal_1229,정상,1229,0.0001
Normal_122,정상,122,0.0
Normal_1230,정상,1230,0.0002
Normal_1231,정상,1231,0.0
Normal_1232,정상,1232,0.0001
Normal_1233,정상,1233,0.0002
Normal_1234,정상,1234,0.0004
Normal_1235,정상,1235,0.0001
Normal_1236,정상,1236,0.0
Normal_1237,정상,1237,0.0001
Normal_1238,정상,1238,0.0001
Normal_1239,정상,1239,0.0002
Normal_123,정상,123,0.0
Normal_1240,정상,1240,0.0004
Normal_1241,정상,1241,0.0001
Normal_1242,정상,1242,0.0
Normal_1243,정상,1243,0.0001
Normal_1244,정상,1244,0.0001
Normal_1245,정상,1245,0.0003
Normal_1246,정상,1246,0.0006
Normal_1247,정상,1247,0.0001
Normal_1248,정상,1248,0.0001
Normal_1249,정상,1249,0.0
Normal_124,정상,124,0.0
Normal_1250,정상,1250,0.0002
Normal_1251,정상,1251,0.0
Normal_1252,정상,1252,0.0009
Normal_1253,정상,1253,0.0001
Normal_1254,정상,1254,0.0
Normal_1255,정상,1255,0.0
Normal_1256,정상,1256,0.0
Normal_1257,정상,1257,0.0
Normal_1258,정상,1258,0.0001
Normal_1259,정상,1259,0.0001
Normal_125,정상,125,0.0001
Normal_1260,정상,1260,0.0001
Normal_1261,정상,1261,0.0001
Normal_1262,정상,1262,0.0
Normal_1263,정상,1263,0.0
Normal_1264,정상,1264,0.0002
Normal_1265,정상,1265,0.0009
Normal_1266,정상,1266,0.0001
Normal_1267,정상,1267,0.0
Normal_1268,정상,1268,0.0
Normal_1269,정상,1269,0.0
Normal_126,정상,126,0.0001
Normal_1270,정상,1270,0.0
Normal_1271,정상,1271,0.0
Normal_1272,정상,1272,0.0001
Normal_1273,정상,1273,0.0001
Normal_1274,정상,1274,0.0001
Normal_1275,정상,1275,0.0003
Normal_1276,정상,1276,0.0001
Normal_1277,정상,1277,0.0002
Normal_1278,정상,1278,0.0
Normal_1279,정상,1279,0.0001
Normal_127,정상,127,0.0001
Normal_1280,정상,1280,0.0002
Normal_1281,정상,1281,0.0004
Normal_1282,정상,1282,0.0001
Normal_1283,정상,1283,0.0
Normal_1284,정상,1284,0.0001
Normal_1285,정상,1285,0.0001
Normal_1286,정상,1286,0.0003
Normal_1287,정상,1287,0.0006
Normal_1288,정상,1288,0.0001
Normal_1289,정상,1289,0.0001
Normal_128,정상,128,0.0003
Normal_1290,정상,1290,0.0
Normal_1291,정상,1291,0.0002
Normal_1292,정상,1292,0.0
Normal_1293,정상,1293,0.0009
Normal_1294,정상,1294,0.0001
Normal_1295,정상,1295,0.0
Normal_1296,정상,1296,0.0
Normal_1297,정상,1297,0.0
Normal_1298,정상,1298,0.0
Normal_1299,정상,1299,0.0
Normal_129,정상,129,0.0001
Normal_12,정상,12,0.0
Normal_1300,정상,1300,0.0001
Normal_1301,정상,1301,0.0001
Normal_1302,정상,1302,0.0001
Normal_1303,정상,1303,0.0003
Normal_1304,정상,1304,0.0001
Normal_1305,정상,1305,0.0002
Normal_1306,정상,1306,0.0
Normal_1307,정상,1307,0.0001
Normal_1308,정상,1308,0.0002
Normal_1309,정상,1309,0.0004
Normal_130,정상,130,0.0002
Normal_1310,정상,1310,0.0001
Normal_1311,정상,1311,0.0
Normal_1312,정상,1312,0.0001
Normal_1313,정상,1313,0.0001
Normal_1314,정상,1314,0.0003
Normal_1315,정상,1315,0.0006
Normal_1316,정상,1316,0.0001
Normal_1317,정상,1317,0.0001
Normal_1318,정상,1318,0.0
Normal_1319,정상,1319,0.0
Normal_131,정상,131,0.0
Normal_1320,정상,1320,0.0
Normal_1321,정상,1321,0.0002
Normal_1322,정상,1322,0.0009
Normal_1323,정상,1323,0.0001
Normal_1324,정상,1324,0.0
Normal_1325,정상,1325,0.0
Normal_1326,정상,1326,0.0
Normal_1327,정상,1327,0.0
Normal_1328,정상,1328,0.0
Normal_1329,정상,1329,0.0001
Normal_132,정상,132,0.0001
Normal_1330,정상,1330,0.0001
Normal_1331,정상,1331,0.0001
Normal_1332,정상,1332,0.0001
Normal_1333,정상,1333,0.0003
Normal_1334,정상,1334,0.0002
Normal_1335,정상,1335,0.0
Normal_1336,정상,1336,0.0001
Normal_1337,정상,1337,0.0003
Normal_1338,정상,1338,0.0001
Normal_1339,정상,1339,0.0002
Normal_133,정상,133,0.0002
Normal_1340,정상,1340,0.0
Normal_1341,정상,1341,0.0001
Normal_1342,정상,1342,0.0002
Normal_1343,정상,1343,0.0004
Normal_1344,정상,1344,0.0001
Normal_1345,정상,1345,0.0
Normal_1346,정상,1346,0.0001
Normal_1347,정상,1347,0.0001
Normal_1348,정상,1348,0.0002
Normal_1349,정상,1349,0.0004
Normal_134,정상,134,0.0004
Normal_1350,정상,1350,0.0001
Normal_1351,정상,1351,0.0
Normal_1352,정상,1352,0.0001
Normal_1353,정상,1353,0.0001
Normal_1354,정상,1354,0.0003
Normal_1355,정상,1355,0.0006
Normal_1356,정상,1356,0.0001
Normal_1357,정상,1357,0.0001
Normal_1358,정상,1358,0.0
Normal_1359,정상,1359,0.0002
Normal_135,정상,135,0.0001
Normal_1360,정상,1360,0.0
Normal_1361,정상,1361,0.0009
Normal_1362,정상,1362,0.0001
Normal_1363,정상,1363,0.0
Normal_1364,정상,1364,0.0
Normal_1365,정상,1365,0.0
Normal_1366,정상,1366,0.0
Normal_1367,정상,1367,0.0001
Normal_1368,정상,1368,0.0001
Normal_1369,정상,1369,0.0001
Normal_136,정상,136,0.0
Normal_1370,정상,1370,0.0003
Normal_1371,정상,1371,0.0006
Normal_1372,정상,1372,0.0001
Normal_1373,정상,1373,0.0003
Normal_1374,정상,1374,0.0006
Normal_1375,정상,1375,0.0001
Normal_1376,정상,1376,0.0001
Normal_1377,정상,1377,0.0
Normal_1378,정상,1378,0.0
Normal_137,정상,137,0.0001
Normal_138,정상,138,0.0001
Normal_139,정상,139,0.0003
Normal_13,정상,13,0.0
Normal_140,정상,140,0.0006
Normal_141,정상,141,0.0001
Normal_142,정상,142,0.0001
Normal_143,정상,143,0.0
Normal_144,정상,144,0.0002
Normal_145,정상,145,0.0
Normal_146,정상,146,0.0009
Normal_147,정상,147,0.0001
Normal_148,정상,148,0.0
Normal_149,정상,149,0.0
Normal_14,정상,14,0.0
Normal_150,정상,150,0.0
Normal_151,정상,151,0.0
Normal_152,정상,152,0.0
Normal_153,정상,153,0.0001
Normal_154,정상,154,0.0001
Normal_155,정상,155,0.0001
Normal_156,정상,156,0.0003
Normal_157,정상,157,0.0001
Normal_158,정상,158,0.0002
Normal_159,정상,159,0.0
Normal_15,정상,15,0.0
Normal_160,정상,160,0.0001
Normal_161,정상,161,0.0002
Normal_162,정상,162,0.0004
Normal_163,정상,163,0.0001
Normal_164,정상,164,0.0
Normal_165,정상,165,0.0001
Normal_166,정상,166,0.0001
Normal_167,정상,167,0.0003
Normal_168,정상,168,0.0006
Normal_169,정상,169,0.0001
Normal_16,정상,16,0.0001
Normal_170,정상,170,0.0001
Normal_171,정상,171,0.0
Normal_172,정상,172,0.0
Normal_173,정상,173,0.0
Normal_174,정상,174,0.0002
Normal_175,정상,175,0.0009
Normal_176,정상,176,0.0001
Normal_177,정상,177,0.0
Normal_178,정상,178,0.0
Normal_179,정상,179,0.0
Normal_17,정상,17,0.0001
Normal_180,정상,180,0.0
Normal_181,정상,181,0.0
Normal_182,정상,182,0.0001
Normal_183,정상,183,0.0001
Normal_184,정상,184,0.0001
Normal_185,정상,185,0.0001
Normal_186,정상,186,0.0003
Normal_187,정상,187,0.0002
Normal_188,정상,188,0.0
Normal_189,정상,189,0.0001
Normal_18,정상,18,0.0001
Normal_190,정상,190,0.0003
Normal_191,정상,191,0.0001
Normal_192,정상,192,0.0002
Normal_193,정상,193,0.0
Normal_194,정상,194,0.0001
Normal_195,정상,195,0.0002
Normal_196,정상,196,0.0004
Normal_197,정상,197,0.0001
Normal_198,정상,198,0.0
Normal_199,정상,199,0.0001
Normal_19,정상,19,0.0003
Normal_1,정상,1,0.0001
Normal_200,정상,200,0.0001
Normal_201,정상,201,0.0002
Normal_202,정상,202,0.0004
Normal_203,정상,203,0.0001
Normal_204,정상,204,0.0
Normal_205,정상,205,0.0001
Normal_206,정상,206,0.0001
Normal_207,정상,207,0.0003
Normal_208,정상,208,0.0006
Normal_209,정상,209,0.0001
Normal_20,정상,20,0.0001
Normal_210,정상,210,0.0001
Normal_211,정상,211,0.0
Normal_212,정상,212,0.0002
Normal_213,정상,213,0.0
Normal_214,정상,214,0.0009
Normal_215,정상,215,0.0001
Normal_216,정상,216,0.0
Normal_217,정상,217,0.0
Normal_218,정상,218,0.0
Normal_219,정상,219,0.0
Normal_21,정상,21,0.0002
Normal_220,정상,220,0.0001
Normal_221,정상,221,0.0001
Normal_222,정상,222,0.0001
Normal_223,정상,223,0.0003
Normal_224,정상,224,0.0006
Normal_225,정상,225,0.0001
Normal_226,정상,226,0.0003
Normal_227,정상,227,0.0006
Normal_228,정상,228,0.0001
Normal_229,정상,229,0.0001
Normal_22,정상,22,0.0
Normal_230,정상,230,0.0
Normal_231,정상,231,0.0
Normal_232,정상,232,0.0002
Normal_233,정상,233,0.0009
Normal_234,정상,234,0.0001
Normal_235,정상,235,0.0
Normal_236,정상,236,0.0
Normal_237,정상,237,0.0
Normal_238,정상,238,0.0
Normal_239,정상,239,0.0
Normal_23,정상,23,0.0001
Normal_240,정상,240,0.0001
Normal_241,정상,241,0.0001
Normal_242,정상,242,0.0001
Normal_243,정상,243,0.0003
Normal_244,정상,244,0.0001
Normal_245,정상,245,0.0002
Normal_246,정상,246,0.0
Normal_247,정상,247,0.0001
Normal_248,정상,248,0.0002
Normal_249,정상,249,0.0004
Normal_24,정상,24,0.0002
Normal_250,정상,250,0.0001
Normal_251,정상,251,0.0
Normal_252,정상,252,0.0001
Normal_253,정상,253,0.0001
Normal_254,정상,254,0.0003
Normal_255,정상,255,0.0006
Normal_256,정상,256,0.0001
Normal_257,정상,257,0.0001
Normal_258,정상,258,0.0
Normal_259,정상,259,0.0002
Normal_25,정상,25,0.0004
Normal_260,정상,260,0.0
Normal_261,정상,261,0.0009
Normal_262,정상,262,0.0001
Normal_263,정상,263,0.0
Normal_264,정상,264,0.0
Normal_265,정상,265,0.0
Normal_266,정상,266,0.0
Normal_267,정상,267,0.0
Normal_268,정상,268,0.0001
Normal_269,정상,269,0.0001
Normal_26,정상,26,0.0001
Normal_270,정상,270,0.0001
Normal_271,정상,271,0.0003
Normal_272,정상,272,0.0001
Normal_273,정상,273,0.0002
Normal_274,정상,274,0.0
Normal_275,정상,275,0.0001
Normal_276,정상,276,0.0002
Normal_277,정상,277,0.0004
Normal_278,정상,278,0.0001
Normal_279,정상,279,0.0
Normal_27,정상,27,0.0
Normal_280,정상,280,0.0001
Normal_281,정상,281,0.0001
Normal_282,정상,282,0.0003
Normal_283,정상,283,0.0006
Normal_284,정상,284,0.0001
Normal_285,정상,285,0.0001
Normal_286,정상,286,0.0
Normal_287,정상,287,0.0
Normal_288,정상,288,0.0
Normal_289,정상,289,0.0002
Normal_28,정상,28,0.0001
Normal_290,정상,290,0.0009
Normal_291,정상,291,0.0001
Normal_292,정상,292,0.0
Normal_293,정상,293,0.0
Normal_294,정상,294,0.0
Normal_295,정상,295,0.0
Normal_296,정상,296,0.0
Normal_297,정상,297,0.0001
Normal_298,정상,298,0.0001
Normal_299,정상,299,0.0001
Normal_29,정상,29,0.0001
Normal_2,정상,2,0.0003
Normal_300,정상,300,0.0001
Normal_301,정상,301,0.0003
Normal_302,정상,302,0.0002
Normal_303,정상,303,0.0
Normal_304,정상,304,0.0001
Normal_305,정상,305,0.0003
Normal_306,정상,306,0.0001
Normal_307,정상,307,0.0002
Normal_308,정상,308,0.0
Normal_309,정상,309,0.0001
Normal_30,정상,30,0.0003
Normal_310,정상,310,0.0002
Normal_311,정상,311,0.0004
Normal_312,정상,312,0.0001
Normal_313,정상,313,0.0
Normal_314,정상,314,0.0001
Normal_315,정상,315,0.0001
Normal_316,정상,316,0.0002
Normal_317,정상,317,0.0004
Normal_318,정상,318,0.0001
Normal_319,정상,319,0.0
Normal_31,정상,31,0.0006
Normal_320,정상,320,0.0001
Normal_321,정상,321,0.0001
Normal_322,정상,322,0.0003
Normal_323,정상,323,0.0006
Normal_324,정상,324,0.0001
Normal_325,정상,325,0.0001
Normal_326,정상,326,0.0
Normal_327,정상,327,0.0002
Normal_328,정상,328,0.0
Normal_329,정상,329,0.0009
Normal_32,정상,32,0.0001
Normal_330,정상,330,0.0001
Normal_331,정상,331,0.0
Normal_332,정상,332,0.0
Normal_333,정상,333,0.0
Normal_334,정상,334,0.0
Normal_335,정상,335,0.0001
Normal_336,정상,336,0.0001
Normal_337,정상,337,0.0001
Normal_338,정상,338,0.0001
Normal_339,정상,339,0.0
Normal_33,정상,33,0.0001
Normal_340,정상,340,0.0
Normal_341,정상,341,0.0002
Normal_342,정상,342,0.0009
Normal_343,정상,343,0.0001
Normal_344,정상,344,0.0
Normal_345,정상,345,0.0
Normal_346,정상,346,0.0
Normal_347,정상,347,0.0
Normal_348,정상,348,0.0
Normal_349,정상,349,0.0001
Normal_34,정상,34,0.0
Normal_350,정상,350,0.0001
Normal_351,정상,351,0.0001
Normal_352,정상,352,0.0003
Normal_353,정상,353,0.0001
Normal_354,정상,354,0.0002
Normal_355,정상,355,0.0
Normal_356,정상,356,0.0001
Normal_357,정상,357,0.0002
Normal_358,정상,358,0.0004
Normal_359,정상,359,0.0001
Normal_35,정상,35,0.0002
Normal_360,정상,360,0.0
Normal_361,정상,361,0.0001
Normal_362,정상,362,0.0001
Normal_363,정상,363,0.0003
Normal_364,정상,364,0.0006
Normal_365,정상,365,0.0001
Normal_366,정상,366,0.0001
Normal_367,정상,367,0.0
Normal_368,정상,368,0.0002
Normal_369,정상,369,0.0
Normal_36,정상,36,0.0
Normal_370,정상,370,0.0009
Normal_371,정상,371,0.0001
Normal_372,정상,372,0.0
Normal_373,정상,373,0.0
Normal_374,정상,374,0.0
Normal_375,정상,375,0.0
Normal_376,정상,376,0.0
Normal_377,정상,377,0.0001
Normal_378,정상,378,0.0001
Normal_379,정상,379,0.0001
Normal_37,정상,37,0.0009
Normal_380,정상,380,0.0003
Normal_381,정상,381,0.0001
Normal_382,정상,382,0.0002
Normal_383,정상,383,0.0
Normal_384,정상,384,0.0001
Normal_385,정상,385,0.0002
Normal_386,정상,386,0.0004
Normal_387,정상,387,0.0001
Normal_388,정상,388,0.0
Normal_389,정상,389,0.0001
Normal_38,정상,38,0.0001
Normal_390,정상,390,0.0001
Normal_391,정상,391,0.0003
Normal_392,정상,392,0.0006
Normal_393,정상,393,0.0001
Normal_394,정상,394,0.0001
Normal_395,정상,395,0.0
Normal_396,정상,396,0.0
Normal_397,정상,397,0.0
Normal_398,정상,398,0.0002
Normal_399,정상,399,0.0009
Normal_39,정상,39,0.0
Normal_3,정상,3,0.0006
Normal_400,정상,400,0.0001
Normal_401,정상,401,0.0
Normal_402,정상,402,0.0
Normal_403,정상,403,0.0
Normal_404,정상,404,0.0
Normal_405,정상,405,0.0
Normal_406,정상,406,0.0001
Normal_407,정상,407,0.0001
Normal_408,정상,408,0.0001
Normal_409,정상,409,0.0001
Normal_40,정상,40,0.0
Normal_410,정상,410,0.0003
Normal_411,정상,411,0.0002
Normal_412,정상,412,0.0
Normal_413,정상,413,0.0001
Normal_414,정상,414,0.0003
Normal_415,정상,415,0.0001
Normal_416,정상,416,0.0002
Normal_417,정상,417,0.0
Normal_418,정상,418,0.0001
Normal_419,정상,419,0.0002
Normal_41,정상,41,0.0
Normal_420,정상,420,0.0004
Normal_421,정상,421,0.0001
Normal_422,정상,422,0.0
Normal_423,정상,423,0.0001
Normal_424,정상,424,0.0001
Normal_425,정상,425,0.0002
Normal_426,정상,426,0.0004
Normal_427,정상,427,0.0001
Normal_428,정상,428,0.0
Normal_429,정상,429,0.0001
Normal_42,정상,42,0.0
Normal_430,정상,430,0.0001
Normal_431,정상,431,0.0003
Normal_432,정상,432,0.0006
Normal_433,정상,433,0.0001
Normal_434,정상,434,0.0001
Normal_435,정상,435,0.0
Normal_436,정상,436,0.0002
Normal_437,정상,437,0.0
Normal_438,정상,438,0.0009
Normal_439,정상,439,0.0001
Normal_43,정상,43,0.0
Normal_440,정상,440,0.0
Normal_441,정상,441,0.0
Normal_442,정상,442,0.0
Normal_443,정상,443,0.0
Normal_444,정상,444,0.0001
Normal_445,정상,445,0.0001
Normal_446,정상,446,0.0001
Normal_447,정상,447,0.0003
Normal_448,정상,448,0.0006
Normal_449,정상,449,0.0
Normal_44,정상,44,0.0001
Normal_450,정상,450,0.0
Normal_451,정상,451,0.0
Normal_452,정상,452,0.0
Normal_453,정상,453,0.0001
Normal_454,정상,454,0.0001
Normal_455,정상,455,0.0001
Normal_456,정상,456,0.0003
Normal_457,정상,457,0.0006
Normal_458,정상,458,0.0001
Normal_459,정상,459,0.0001
Normal_45,정상,45,0.0001
Normal_460,정상,460,0.0
Normal_461,정상,461,0.0
Normal_462,정상,462,0.0002
Normal_463,정상,463,0.0009
Normal_464,정상,464,0.0001
Normal_465,정상,465,0.0
Normal_466,정상,466,0.0
Normal_467,정상,467,0.0
Normal_468,정상,468,0.0
Normal_469,정상,469,0.0
Normal_46,정상,46,0.0001
Normal_470,정상,470,0.0001
Normal_471,정상,471,0.0001
Normal_472,정상,472,0.0001
Normal_473,정상,473,0.0003
Normal_474,정상,474,0.0001
Normal_475,정상,475,0.0002
Normal_476,정상,476,0.0
Normal_477,정상,477,0.0001
Normal_478,정상,478,0.0002
Normal_479,정상,479,0.0004
Normal_47,정상,47,0.0003
Normal_480,정상,480,0.0001
Normal_481,정상,481,0.0
Normal_482,정상,482,0.0001
Normal_483,정상,483,0.0001
Normal_484,정상,484,0.0003
Normal_485,정상,485,0.0006
Normal_486,정상,486,0.0001
Normal_487,정상,487,0.0001
Normal_488,정상,488,0.0
Normal_489,정상,489,0.0002
Normal_48,정상,48,0.0001
Normal_490,정상,490,0.0
Normal_491,정상,491,0.0009
Normal_492,정상,492,0.0001
Normal_493,정상,493,0.0
Normal_494,정상,494,0.0
Normal_495,정상,495,0.0
Normal_496,정상,496,0.0
Normal_497,정상,497,0.0
Normal_498,정상,498,0.0001
Normal_499,정상,499,0.0001
Normal_49,정상,49,0.0002
Normal_4,정상,4,0.0001
Normal_500,정상,500,0.0001
Normal_501,정상,501,0.0003
Normal_502,정상,502,0.0001
Normal_503,정상,503,0.0002
Normal_504,정상,504,0.0
Normal_505,정상,505,0.0001
Normal_506,정상,506,0.0002
Normal_507,정상,507,0.0004
Normal_508,정상,508,0.0001
Normal_509,정상,509,0.0
Normal_50,정상,50,0.0
Normal_510,정상,510,0.0001
Normal_511,정상,511,0.0001
Normal_512,정상,512,0.0003
Normal_513,정상,513,0.0006
Normal_514,정상,514,0.0001
Normal_515,정상,515,0.0001
Normal_516,정상,516,0.0
Normal_517,정상,517,0.0
Normal_518,정상,518,0.0
Normal_519,정상,519,0.0002
Normal_51,정상,51,0.0001
Normal_520,정상,520,0.0009
Normal_521,정상,521,0.0001
Normal_522,정상,522,0.0
Normal_523,정상,523,0.0
Normal_524,정상,524,0.0
Normal_525,정상,525,0.0
Normal_526,정상,526,0.0
Normal_527,정상,527,0.0001
Normal_528,정상,528,0.0001
Normal_529,정상,529,0.0001
Normal_52,정상,52,0.0002
Normal_530,정상,530,0.0001
Normal_531,정상,531,0.0003
Normal_532,정상,532,0.0002
Normal_533,정상,533,0.0
Normal_534,정상,534,0.0001
Normal_535,정상,535,0.0003
Normal_536,정상,536,0.0001
Normal_537,정상,537,0.0002
Normal_538,정상,538,0.0
Normal_539,정상,539,0.0001
Normal_53,정상,53,0.0004
Normal_540,정상,540,0.0002
Normal_541,정상,541,0.0004
Normal_542,정상,542,0.0001
Normal_543,정상,543,0.0
Normal_544,정상,544,0.0001
Normal_545,정상,545,0.0001
Normal_546,정상,546,0.0002
Normal_547,정상,547,0.0004
Normal_548,정상,548,0.0001
Normal_549,정상,549,0.0
Normal_54,정상,54,0.0001
Normal_550,정상,550,0.0001
Normal_551,정상,551,0.0001
Normal_552,정상,552,0.0003
Normal_553,정상,553,0.0006
Normal_554,정상,554,0.0001
Normal_555,정상,555,0.0001
Normal_556,정상,556,0.0
Normal_557,정상,557,0.0002
Normal_558,정상,558,0.0
Normal_559,정상,559,0.0009
Normal_55,정상,55,0.0
Normal_560,정상,560,0.0001
Normal_561,정상,561,0.0
Normal_562,정상,562,0.0
Normal_563,정상,563,0.0
Normal_564,정상,564,0.0
Normal_565,정상,565,0.0001
Normal_566,정상,566,0.0001
Normal_567,정상,567,0.0001
Normal_568,정상,568,0.0001
Normal_569,정상,569,0.0
Normal_56,정상,56,0.0001
Normal_570,정상,570,0.0
Normal_571,정상,571,0.0002
Normal_572,정상,572,0.0009
Normal_573,정상,573,0.0001
Normal_574,정상,574,0.0
Normal_575,정상,575,0.0
Normal_576,정상,576,0.0
Normal_577,정상,577,0.0
Normal_578,정상,578,0.0
Normal_579,정상,579,0.0001
Normal_57,정상,57,0.0001
Normal_580,정상,580,0.0001
Normal_581,정상,581,0.0001
Normal_582,정상,582,0.0003
Normal_583,정상,583,0.0001
Normal_584,정상,584,0.0002
Normal_585,정상,585,0.0
Normal_586,정상,586,0.0001
Normal_587,정상,587,0.0002
Normal_588,정상,588,0.0004
Normal_589,정상,589,0.0001
Normal_58,정상,58,0.0003
Normal_590,정상,590,0.0
Normal_591,정상,591,0.0001
Normal_592,정상,592,0.0001
Normal_593,정상,593,0.0003
Normal_594,정상,594,0.0006
Normal_595,정상,595,0.0001
Normal_596,정상,596,0.0001
Normal_597,정상,597,0.0
Normal_598,정상,598,0.0002
Normal_599,정상,599,0.0
Normal_59,정상,59,0.0006
Normal_5,정상,5,0.0001
Normal_600,정상,600,0.0009
Normal_601,정상,601,0.0001
Normal_602,정상,602,0.0
Normal_603,정상,603,0.0
Normal_604,정상,604,0.0
Normal_605,정상,605,0.0
Normal_606,정상,606,0.0
Normal_607,정상,607,0.0001
Normal_608,정상,608,0.0001
Normal_609,정상,609,0.0001
Normal_60,정상,60,0.0001
Normal_610,정상,610,0.0003
Normal_611,정상,611,0.0001
Normal_612,정상,612,0.0002
Normal_613,정상,613,0.0
Normal_614,정상,614,0.0001
Normal_615,정상,615,0.0002
Normal_616,정상,616,0.0004
Normal_617,정상,617,0.0001
Normal_618,정상,618,0.0
Normal_619,정상,619,0.0001
Normal_61,정상,61,0.0001
Normal_620,정상,620,0.0001
Normal_621,정상,621,0.0003
Normal_622,정상,622,0.0006
Normal_623,정상,623,0.0001
Normal_624,정상,624,0.0001
Normal_625,정상,625,0.0
Normal_626,정상,626,0.0
Normal_627,정상,627,0.0
Normal_628,정상,628,0.0002
Normal_629,정상,629,0.0009
Normal_62,정상,62,0.0
Normal_630,정상,630,0.0001
Normal_631,정상,631,0.0
Normal_632,정상,632,0.0
Normal_633,정상,633,0.0
Normal_634,정상,634,0.0
Normal_635,정상,635,0.0
Normal_636,정상,636,0.0001
Normal_637,정상,637,0.0001
Normal_638,정상,638,0.0001
Normal_639,정상,639,0.0001
Normal_63,정상,63,0.0
Normal_640,정상,640,0.0003
Normal_641,정상,641,0.0002
Normal_642,정상,642,0.0
Normal_643,정상,643,0.0001
Normal_644,정상,644,0.0003
Normal_645,정상,645,0.0001
Normal_646,정상,646,0.0002
Normal_647,정상,647,0.0
Normal_648,정상,648,0.0001
Normal_649,정상,649,0.0002
Normal_64,정상,64,0.0
Normal_650,정상,650,0.0004
Normal_651,정상,651,0.0001
Normal_652,정상,652,0.0
Normal_653,정상,653,0.0001
Normal_654,정상,654,0.0001
Normal_655,정상,655,0.0002
Normal_656,정상,656,0.0004
Normal_657,정상,657,0.0001
Normal_658,정상,658,0.0
Normal_659,정상,659,0.0001
Normal_65,정상,65,0.0002
Normal_660,정상,660,0.0001
Normal_661,정상,661,0.0003
Normal_662,정상,662,0.0006
Normal_663,정상,663,0.0001
Normal_664,정상,664,0.0001
Normal_665,정상,665,0.0
Normal_666,정상,666,0.0002
Normal_667,정상,667,0.0
Normal_668,정상,668,0.0009
Normal_669,정상,669,0.0001
Normal_66,정상,66,0.0009
Normal_670,정상,670,0.0
Normal_671,정상,671,0.0
Normal_672,정상,672,0.0
Normal_673,정상,673,0.0
Normal_674,정상,674,0.0001
Normal_675,정상,675,0.0001
Normal_676,정상,676,0.0001
Normal_677,정상,677,0.0003
Normal_678,정상,678,0.0006
Normal_679,정상,679,0.0001
Normal_67,정상,67,0.0001
Normal_680,정상,680,0.0003
Normal_681,정상,681,0.0006
Normal_682,정상,682,0.0001
Normal_683,정상,683,0.0001
Normal_684,정상,684,0.0
Normal_685,정상,685,0.0
Normal_686,정상,686,0.0002
Normal_687,정상,687,0.0009
Normal_688,정상,688,0.0001
Normal_689,정상,689,0.0
Normal_68,정상,68,0.0
Normal_690,정상,690,0.0002
Normal_691,정상,691,0.0009
Normal_692,정상,692,0.0001
Normal_693,정상,693,0.0
Normal_694,정상,694,0.0001
Normal_695,정상,695,0.0003
Normal_696,정상,696,0.0006
Normal_697,정상,697,0.0001
Normal_698,정상,698,0.0001
Normal_699,정상,699,0.0
Normal_69,정상,69,0.0
Normal_6,정상,6,0.0
Normal_700,정상,700,0.0
Normal_701,정상,701,0.0002
Normal_702,정상,702,0.0009
Normal_703,정상,703,0.0001
Normal_704,정상,704,0.0
Normal_705,정상,705,0.0
Normal_706,정상,706,0.0
Normal_707,정상,707,0.0
Normal_708,정상,708,0.0
Normal_709,정상,709,0.0001
Normal_70,정상,70,0.0
Normal_710,정상,710,0.0001
Normal_711,정상,711,0.0001
Normal_712,정상,712,0.0003
Normal_713,정상,713,0.0001
Normal_714,정상,714,0.0002
Normal_715,정상,715,0.0
Normal_716,정상,716,0.0001
Normal_717,정상,717,0.0002
Normal_718,정상,718,0.0004
Normal_719,정상,719,0.0001
Normal_71,정상,71,0.0
Normal_720,정상,720,0.0
Normal_721,정상,721,0.0001
Normal_722,정상,722,0.0001
Normal_723,정상,723,0.0003
Normal_724,정상,724,0.0006
Normal_725,정상,725,0.0001
Normal_726,정상,726,0.0001
Normal_727,정상,727,0.0
Normal_728,정상,728,0.0002
Normal_729,정상,729,0.0
Normal_72,정상,72,0.0
Normal_730,정상,730,0.0009
Normal_731,정상,731,0.0001
Normal_732,정상,732,0.0
Normal_733,정상,733,0.0
Normal_734,정상,734,0.0
Normal_735,정상,735,0.0
Normal_736,정상,736,0.0
Normal_737,정상,737,0.0001
Normal_738,정상,738,0.0001
Normal_739,정상,739,0.0001
Normal_73,정상,73,0.0001
Normal_740,정상,740,0.0003
Normal_741,정상,741,0.0001
Normal_742,정상,742,0.0002
Normal_743,정상,743,0.0
Normal_744,정상,744,0.0001
Normal_745,정상,745,0.0002
Normal_746,정상,746,0.0004
Normal_747,정상,747,0.0001
Normal_748,정상,748,0.0
Normal_749,정상,749,0.0001
Normal_74,정상,74,0.0001
Normal_750,정상,750,0.0001
Normal_751,정상,751,0.0003
Normal_752,정상,752,0.0006
Normal_753,정상,753,0.0001
Normal_754,정상,754,0.0001
Normal_755,정상,755,0.0
Normal_756,정상,756,0.0
Normal_757,정상,757,0.0
Normal_758,정상,758,0.0002
Normal_759,정상,759,0.0009
Normal_75,정상,75,0.0001
Normal_760,정상,760,0.0001
Normal_761,정상,761,0.0
Normal_762,정상,762,0.0
Normal_763,정상,763,0.0
Normal_764,정상,764,0.0
Normal_765,정상,765,0.0
Normal_766,정상,766,0.0001
Normal_767,정상,767,0.0001
Normal_768,정상,768,0.0001
Normal_769,정상,769,0.0001
Normal_76,정상,76,0.0001
Normal_770,정상,770,0.0003
Normal_771,정상,771,0.0002
Normal_772,정상,772,0.0
Normal_773,정상,773,0.0001
Normal_774,정상,774,0.0003
Normal_775,정상,775,0.0001
Normal_776,정상,776,0.0002
Normal_777,정상,777,0.0
Normal_778,정상,778,0.0001
Normal_779,정상,779,0.0002
Normal_77,정상,77,0.0003
Normal_780,정상,780,0.0004
Normal_781,정상,781,0.0001
Normal_782,정상,782,0.0
Normal_783,정상,783,0.0001
Normal_784,정상,784,0.0001
Normal_785,정상,785,0.0002
Normal_786,정상,786,0.0004
Normal_787,정상,787,0.0001
Normal_788,정상,788,0.0
Normal_789,정상,789,0.0001
Normal_78,정상,78,0.0002
Normal_790,정상,790,0.0001
Normal_791,정상,791,0.0003
Normal_792,정상,792,0.0006
Normal_793,정상,793,0.0001
Normal_794,정상,794,0.0001
Normal_795,정상,795,0.0
Normal_796,정상,796,0.0002
Normal_797,정상,797,0.0
Normal_798,정상,798,0.0009
Normal_799,정상,799,0.0001
Normal_79,정상,79,0.0
Normal_7,정상,7,0.0
Normal_800,정상,800,0.0
Normal_801,정상,801,0.0
Normal_802,정상,802,0.0
Normal_803,정상,803,0.0
Normal_804,정상,804,0.0001
Normal_805,정상,805,0.0001
Normal_806,정상,806,0.0001
Normal_807,정상,807,0.0001
Normal_808,정상,808,0.0
Normal_809,정상,809,0.0
Normal_80,정상,80,0.0001
Normal_810,정상,810,0.0002
Normal_811,정상,811,0.0009
Normal_812,정상,812,0.0001
Normal_813,정상,813,0.0
Normal_814,정상,814,0.0
Normal_815,정상,815,0.0
Normal_816,정상,816,0.0
Normal_817,정상,817,0.0
Normal_818,정상,818,0.0001
Normal_819,정상,819,0.0001
Normal_81,정상,81,0.0003
Normal_820,정상,820,0.0001
Normal_821,정상,821,0.0003
Normal_822,정상,822,0.0001
Normal_823,정상,823,0.0002
Normal_824,정상,824,0.0
Normal_825,정상,825,0.0001
Normal_826,정상,826,0.0002
Normal_827,정상,827,0.0004
Normal_828,정상,828,0.0001
Normal_829,정상,829,0.0
Normal_82,정상,82,0.0001
Normal_830,정상,830,0.0001
Normal_831,정상,831,0.0001
Normal_832,정상,832,0.0003
Normal_833,정상,833,0.0006
Normal_834,정상,834,0.0001
Normal_835,정상,835,0.0001
Normal_836,정상,836,0.0
Normal_837,정상,837,0.0002
Normal_838,정상,838,0.0
Normal_839,정상,839,0.0009
Normal_83,정상,83,0.0002
Normal_840,정상,840,0.0001
Normal_841,정상,841,0.0
Normal_842,정상,842,0.0
Normal_843,정상,843,0.0
Normal_844,정상,844,0.0
Normal_845,정상,845,0.0
Normal_846,정상,846,0.0001
Normal_847,정상,847,0.0001
Normal_848,정상,848,0.0001
Normal_849,정상,849,0.0003
Normal_84,정상,84,0.0
Normal_850,정상,850,0.0001
Normal_851,정상,851,0.0002
Normal_852,정상,852,0.0
Normal_853,정상,853,0.0001
Normal_854,정상,854,0.0002
Normal_855,정상,855,0.0004
Normal_856,정상,856,0.0001
Normal_857,정상,857,0.0
Normal_858,정상,858,0.0001
Normal_859,정상,859,0.0001
Normal_85,정상,85,0.0001
Normal_860,정상,860,0.0003
Normal_861,정상,861,0.0006
Normal_862,정상,862,0.0001
Normal_863,정상,863,0.0001
Normal_864,정상,864,0.0
Normal_865,정상,865,0.0
Normal_866,정상,866,0.0
Normal_867,정상,867,0.0002
Normal_868,정상,868,0.0009
Normal_869,정상,869,0.0001
Normal_86,정상,86,0.0002
Normal_870,정상,870,0.0
Normal_871,정상,871,0.0
Normal_872,정상,872,0.0
Normal_873,정상,873,0.0
Normal_874,정상,874,0.0
Normal_875,정상,875,0.0001
Normal_876,정상,876,0.0001
Normal_877,정상,877,0.0001
Normal_878,정상,878,0.0001
Normal_879,정상,879,0.0003
Normal_87,정상,87,0.0004
Normal_880,정상,880,0.0002
Normal_881,정상,881,0.0
Normal_882,정상,882,0.0001
Normal_883,정상,883,0.0003
Normal_884,정상,884,0.0001
Normal_885,정상,885,0.0002
Normal_886,정상,886,0.0
Normal_887,정상,887,0.0001
Normal_888,정상,888,0.0002
Normal_889,정상,889,0.0004
Normal_88,정상,88,0.0001
Normal_890,정상,890,0.0001
Normal_891,정상,891,0.0
Normal_892,정상,892,0.0001
Normal_893,정상,893,0.0001
Normal_894,정상,894,0.0002
Normal_895,정상,895,0.0004
Normal_896,정상,896,0.0001
Normal_897,정상,897,0.0
Normal_898,정상,898,0.0001
Normal_899,정상,899,0.0001
Normal_89,정상,89,0.0
Normal_8,정상,8,0.0002
Normal_900,정상,900,0.0003
Normal_901,정상,901,0.0006
Normal_902,정상,902,0.0001
Normal_903,정상,903,0.0001
Normal_904,정상,904,0.0
Normal_905,정상,905,0.0002
Normal_906,정상,906,0.0
Normal_907,정상,907,0.0009
Normal_908,정상,908,0.0001
Normal_909,정상,909,0.0
Normal_90,정상,90,0.0001
Normal_910,정상,910,0.0
Normal_911,정상,911,0.0
Normal_912,정상,912,0.0
Normal_913,정상,913,0.0001
Normal_914,정상,914,0.0001
Normal_915,정상,915,0.0001
Normal_916,정상,916,0.0003
Normal_917,정상,917,0.0006
Normal_918,정상,918,0.0001
Normal_919,정상,919,0.0003
Normal_91,정상,91,0.0001
Normal_920,정상,920,0.0006
Normal_921,정상,921,0.0001
Normal_922,정상,922,0.0001
Normal_923,정상,923,0.0
Normal_924,정상,924,0.0
Normal_925,정상,925,0.0002
Normal_926,정상,926,0.0009
Normal_927,정상,927,0.0001
Normal_928,정상,928,0.0
Normal_929,정상,929,0.0
Normal_92,정상,92,0.0002
Normal_930,정상,930,0.0
Normal_931,정상,931,0.0
Normal_932,정상,932,0.0
Normal_933,정상,933,0.0001
Normal_934,정상,934,0.0001
Normal_935,정상,935,0.0001
Normal_936,정상,936,0.0003
Normal_937,정상,937,0.0001
Normal_938,정상,938,0.0002
Normal_939,정상,939,0.0
Normal_93,정상,93,0.0004
Normal_940,정상,940,0.0001
Normal_941,정상,941,0.0002
Normal_942,정상,942,0.0004
Normal_943,정상,943,0.0001
Normal_944,정상,944,0.0
Normal_945,정상,945,0.0001
Normal_946,정상,946,0.0001
Normal_947,정상,947,0.0003
Normal_948,정상,948,0.0006
Normal_949,정상,949,0.0001
Normal_94,정상,94,0.0001
Normal_950,정상,950,0.0001
Normal_951,정상,951,0.0
Normal_952,정상,952,0.0002
Normal_953,정상,953,0.0
Normal_954,정상,954,0.0009
Normal_955,정상,955,0.0001
Normal_956,정상,956,0.0
Normal_957,정상,957,0.0
Normal_958,정상,958,0.0
Normal_959,정상,959,0.0
Normal_95,정상,95,0.0
Normal_960,정상,960,0.0
Normal_961,정상,961,0.0001
Normal_962,정상,962,0.0001
Normal_963,정상,963,0.0001
Normal_964,정상,964,0.0003
Normal_965,정상,965,0.0001
Normal_966,정상,966,0.0002
Normal_967,정상,967,0.0
Normal_968,정상,968,0.0001
Normal_969,정상,969,0.0002
Normal_96,정상,96,0.0001
Normal_970,정상,970,0.0004
Normal_971,정상,971,0.0001
Normal_972,정상,972,0.0
Normal_973,정상,973,0.0001
Normal_974,정상,974,0.0001
Normal_975,정상,975,0.0003
Normal_976,정상,976,0.0006
Normal_977,정상,977,0.0001
Normal_978,정상,978,0.0001
Normal_979,정상,979,0.0
Normal_97,정상,97,0.0001
Normal_980,정상,980,0.0
Normal_981,정상,981,0.0
Normal_982,정상,982,0.0002
Normal_983,정상,983,0.0009
Normal_984,정상,984,0.0001
Normal_985,정상,985,0.0
Normal_986,정상,986,0.0
Normal_987,정상,987,0.0
Normal_988,정상,988,0.0
Normal_989,정상,989,0.0
Normal_98,정상,98,0.0003
Normal_990,정상,990,0.0001
Normal_991,정상,991,0.0001
Normal_992,정상,992,0.0001
Normal_993,정상,993,0.0001
Normal_994,정상,994,0.0003
Normal_995,정상,995,0.0002
Normal_996,정상,996,0.0
Normal_997,정상,997,0.0001
Normal_998,정상,998,0.0003
Normal_999,정상,999,0.0001
Normal_99,정상,99,0.0006
Normal_9,정상,9,0.0009
